Sectional Spring IPPT calculator & standard spring selection tool,,,,,,,,,,,,,,,,,,,,,,,,,,,,,,,,,,,,,,,,,,,,,,,
,door heigt,2100,,,,,,,,,,,,,,,,from,,to,,cable drum,,multiplier,,,,,,,,,,,,,,,,,,,,,,,
,door width,4880,,,,,,,,,,,,,,,,900,,2299,,400-8,,0.3024,,,,,,,,,,,,,,,,,,,,,,,
,door weight,160,,,,,,,,,,,,,,,,2300,,3680,,400-12,,0.3081,,,,,,,,,,,,,,,,,,,,,,,
,cable drum,400-8,,,,,,,,,,,,,,,,3681,,5500,,5250-18,,0.5027,,,,,,,,,,,,,,,,,,,,,,,
,door ippt,106.4,,,,,,,,,,,,,,,,,,,,,,,,,,,,,,,,,,,,,,,,,,,,,
,spring ippt reqd,103.4,,,,,,,,,,,,,,,,,,,,,,,,,,,,,,,,,,,,,,,,,,,,,
,,,,,,,,,,,,,,,,,,,,,,,,,,,,,,,,,,,,,,,,,,,,,,,
,,,,,,,,,,,,,,,,,,,,,,,,,,,,,,,,,,,,,,,,,,,,,,,
Single Spring,,,,Pair,,,,Tripple,,,,quad,,,,,,,,,,,,,,,,,,,,,,,,,,,,,,,,,,,
Alpine Blue 5.6,25,,,50,,,,75,,,,100,,,,,,,,,,,,,,,,,,,,,,,,,,,,,,,,,,,
Alpine Blue,25,,,,,,,,,,,25,,,,,,,,,,,,,,,,,,,,,,,,,,,,,,,,,,,
Brown  5.6,30,,,60,,,,90,,,,120,,,,,,,,,,,,,,,,,,,,,,,,,,,,,,,,,,,
Brown,30,,,,,,,,,,,30,,,,,,,,,,,,,,,,,,,,,,,,,,,,,,,,,,,
Desert Sand 6.0,35,,,70,,,,105,,,,140,,,,,,,,,,,,,,,,,,,,,,,,,,,,,,,,,,,
Desert Sand,35,,,,,,,,,,,35,,,,,,,,,,,,,,,,,,,,,,,,,,,,,,,,,,,
Red  7.1,60,,,120,,,,180,,,,240,,,,,,,,,,,,,,,,,,,,,,,,,,,,,,,,,,,
Red,60,,,,,,,,,,,60,,,,,,,,,,,,,,,,,,,,,,,,,,,,,,,,,,,
Lichen  5.6,27,,,54,,,,81,,,,108,,,,,,,,,,,,,,,,,,,,,,,,,,,,,,,,,,,
Lichen,27,,,,,,,,,,,27,,,,,,,,,,,,,,,,,,,,,,,,,,,,,,,,,,,
Black  6.3,40,,,80,,,,120,,,,160,,,,,,,,,,,,,,,,,,,,,,,,,,,,,,,,,,,
Black,40,,,,,,,,,,,40,,,,,,,,,,,,,,,,,,,,,,,,,,,,,,,,,,,
Terracotta  5.0,17,,,34,,,,51,,,,68,,,,,,,,,,,,,,,,,,,,,,,,,,,,,,,,,,,
Terracotta,17,,,,,,,,,,,17,,,,,,,,,,,,,,,,,,,,,,,,,,,,,,,,,,,
Purple  6.3,35,,,70,,,,105,,,,140,,,,,,,,,,,,,,,,,,,,,,,,,,,,,,,,,,,
Purple,35,,,,,,,,,,,35,,,,,,,,,,,,,,,,,,,,,,,,,,,,,,,,,,,
Green  7.1,50,,,100,,,,150,,,,200,,,,,,,,,,,,,,,,,,,,,,,,,,,,,,,,,,,
Green,50,,,,,,,,,,,50,,,,,,,,,,,,,,,,,,,,,,,,,,,,,,,,,,,
Orange  5.6,22,,,44,,,,66,,,,88,,,,,,,,,,,,,,,,,,,,,,,,,,,,,,,,,,,
Orange,22,,,,,,,,,,,22,,,,,,,,,,,,,,,,,,,,,,,,,,,,,,,,,,,
Yellow  6.0,27,,,54,,,,81,,,,108,,,,,,,,,,,,,,,,,,,,,,,,,,,,,,,,,,,
Yellow,27,,,,,,,,,,,27,,,,,,,,,,,,,,,,,,,,,,,,,,,,,,,,,,,
Blue  5.0,14.5,,,29,,,,43.5,,,,58,,,,,,,,,,,,,,,,,,,,,,,,,,,,,,,,,,,
Blue,14.5,,,,,,,,,,,14.5,,,,,,,,,,,,,,,,,,,,,,,,,,,,,,,,,,,
White  6.0,25,,,50,,,,75,,,,100,,,,,,,,,,,,,,,,,,,,,,,,,,,,,,,,,,,
White,25,,,,,,,,,,,25,,,,,,,,,,,,,,,,,,,,,,,,,,,,,,,,,,,
Red/Green  5.6,20,,,40,,,,60,,,,80,,,,,,,,,,,,,,,,,,,,,,,,,,,,,,,,,,,
Red/Green,0,,,,,,,,,,,,,,,,,,,,,,,,,,,,,,,,,,,,,,,,,,,,,,
,,,,,,,,,,,,,,,,,,,,,,,,,,,,,,,,,,,,,,,,,,,,,,,
,,,,,,,,,,,,,,,,,,,,,,,,,,,,,,,,,,,,,,,,,,,,,,,
,,Alpine Blue,Alpine Blue,Brown  5.6,Brown,Desert Sand 6.0,Desert Sand,Red  7.1,Red,Lichen  5.6,Lichen,Black  6.3,Black,Terracotta  5.0,Terracotta,Purple  6.3,Purple,Green  7.1,Green,Orange  5.6,Orange,Yellow  6.0,Yellow,Blue  5.0,Blue,White  6.0,White,Red/Green  5.6,Colour,,,,Part No.,Colour,Description,IPPT,Max Hgt,,,,,,,,,,
2 Springs,,25,25,30,30,35,35,60,60,27,27,40,40,17,17,35,35,50,50,22,22,27,27,14.5,14.5,25,25,20,0,,,,,,,,,,,,,,,,,,
Alpine Blue 5.6,25,50,50,55,55,60,60,85,85,52,52,65,65,42,42,60,60,75,75,47,47,52,52,39.5,39.5,50,50,45,25,,,B45624,A45624,Alpine Blue,SPRING  ASSY R/H ALPINE BLUE,25,2200,,1,25,,,,,,,
Alpine Blue,25,50,50,55,55,60,60,85,85,52,52,65,65,42,42,60,60,75,75,47,47,52,52,39.5,39.5,50,50,45,25,,,B45625,A45625,Alpine Blue,SPRING  ASSY L/H ALPINE BLUE,25,2200,,1,25,,,,,,,
Brown  5.6,30,55,55,60,60,65,65,90,90,57,57,70,70,47,47,65,65,80,80,52,52,57,57,44.5,44.5,55,55,50,30,,,B45654,A45654,Brown  5.6,SPRING  ASSY R/H BROWN,30,2200,,1,30,,,,,,,
Brown,30,55,55,60,60,65,65,90,90,57,57,70,70,47,47,65,65,80,80,52,52,57,57,44.5,44.5,55,55,50,30,,,B45655,A45655,Brown,SPRING  ASSY L/H BROWN,30,2200,,1,30,,,,,,,
Desert Sand 6.0,35,60,60,65,65,70,70,95,95,62,62,75,75,52,52,70,70,85,85,57,57,62,62,49.5,49.5,60,60,55,35,,,B45630,A45630,Desert Sand 6.0,SPRING  ASSY R/H DESERT SAND,35,2200,,1,35,,,,,,,
Desert Sand,35,60,60,65,65,70,70,95,95,62,62,75,75,52,52,70,70,85,85,57,57,62,62,49.5,49.5,60,60,55,35,,,B45631,A45631,Desert Sand,SPRING  ASSY L/H DESERT SAND,35,2200,,1,35,,,,,,,
Red  7.1,60,85,85,90,90,95,95,120,120,87,87,100,100,77,77,95,95,110,110,82,82,87,87,74.5,74.5,85,85,80,60,,,B45200,A45200,Red  7.1,SPRING  ASSY R/H RED,60,2230,,1,60,,,,,,,
Red,60,85,85,90,90,95,95,120,120,87,87,100,100,77,77,95,95,110,110,82,82,87,87,74.5,74.5,85,85,80,60,,,B45201,A45201,Red,SPRING  ASSY L/H RED,60,2230,,1,60,,,,,,,
Lichen  5.6,27,52,52,57,57,62,62,87,87,54,54,67,67,44,44,62,62,77,77,49,49,54,54,41.5,41.5,52,52,47,27,,,B45620,A45620,Lichen  5.6,SPRING  ASSY R/H LICHEN,27,2400,,1,27,,,,,,,
Lichen,27,52,52,57,57,62,62,87,87,54,54,67,67,44,44,62,62,77,77,49,49,54,54,41.5,41.5,52,52,47,27,,,B45621,A45621,Lichen,SPRING  ASSY L/H LICHEN,27,2400,,1,27,,,,,,,
Black  6.3,40,65,65,70,70,75,75,100,100,67,67,80,80,57,57,75,75,90,90,62,62,67,67,54.5,54.5,65,65,60,40,,,B45234,A45234,Black  6.3,SPRING  ASSY R/H BLACK,40,2400,,1,40,,,,,,,
Black,40,65,65,70,70,75,75,100,100,67,67,80,80,57,57,75,75,90,90,62,62,67,67,54.5,54.5,65,65,60,40,,,B45235,A45235,Black,SPRING  ASSY L/H BLACK,40,2400,,1,40,,,,,,,
Terracotta  5.0,17,42,42,47,47,52,52,77,77,44,44,57,57,34,34,52,52,67,67,39,39,44,44,31.5,31.5,42,42,37,17,,,B45600,A45600,Terracotta  5.0,SPRING  ASSY R/H TERRACOTTA,17,2700,,1,17,,,,,,,
Terracotta,17,42,42,47,47,52,52,77,77,44,44,57,57,34,34,52,52,67,67,39,39,44,44,31.5,31.5,42,42,37,17,,,B45601,A45601,Terracotta,SPRING  ASSY L/H TERRACOTTA,17,2700,,1,17,,,,,,,
Purple  6.3,35,60,60,65,65,70,70,95,95,62,62,75,75,52,52,70,70,85,85,57,57,62,62,49.5,49.5,60,60,55,35,,,B45230,A45230,Purple  6.3,SPRING  ASSY R/H PURPLE,35,2700,,1,35,,,,,,,
Purple,35,60,60,65,65,70,70,95,95,62,62,75,75,52,52,70,70,85,85,57,57,62,62,49.5,49.5,60,60,55,35,,,B45231,A45231,Purple,SPRING  ASSY L/H PURPLE,35,2700,,1,35,,,,,,,
Green  7.1,50,75,75,80,80,85,85,110,110,77,77,90,90,67,67,85,85,100,100,72,72,77,77,64.5,64.5,75,75,70,50,,,B45244,A45244,Green  7.1,SPRING  ASSY R/H GREEN,50,2700,,1,50,,,,,,,
Green,50,75,75,80,80,85,85,110,110,77,77,90,90,67,67,85,85,100,100,72,72,77,77,64.5,64.5,75,75,70,50,,,B45245,A45245,Green,SPRING  ASSY L/H GREEN,50,2700,,1,50,,,,,,,
Orange  5.6,22,47,47,52,52,57,57,82,82,49,49,62,62,39,39,57,57,72,72,44,44,49,49,36.5,36.5,47,47,42,22,,,B45210,A45210,Orange  5.6,SPRING  ASSY R/H ORANGE,22,3000,,1,22,,,,,,,
Orange,22,47,47,52,52,57,57,82,82,49,49,62,62,39,39,57,57,72,72,44,44,49,49,36.5,36.5,47,47,42,22,,,B45211,A45211,Orange,SPRING  ASSY L/H ORANGE,22,3000,,1,22,,,,,,,
Yellow  6.0,27,52,52,57,57,62,62,87,87,54,54,67,67,44,44,62,62,77,77,49,49,54,54,41.5,41.5,52,52,47,27,,,B45220,A45220,Yellow  6.0,SPRING  ASSY R/H YELLOW,27,3000,,1,27,,,,,,,
Yellow,27,52,52,57,57,62,62,87,87,54,54,67,67,44,44,62,62,77,77,49,49,54,54,41.5,41.5,52,52,47,27,,,B45221,A45221,Yellow,SPRING  ASSY L/H YELLOW,27,3000,,1,27,,,,,,,
Blue  5.0,14.5,39.5,39.5,44.5,44.5,49.5,49.5,74.5,74.5,41.5,41.5,54.5,54.5,31.5,31.5,49.5,49.5,64.5,64.5,36.5,36.5,41.5,41.5,29,29,39.5,39.5,34.5,14.5,,,B45204,A45204,Blue  5.0,SPRING  ASSY R/H BLUE,14.5,3250,,1,14.5,,,,,,,
Blue,14.5,39.5,39.5,44.5,44.5,49.5,49.5,74.5,74.5,41.5,41.5,54.5,54.5,31.5,31.5,49.5,49.5,64.5,64.5,36.5,36.5,41.5,41.5,29,29,39.5,39.5,34.5,14.5,,,B45205,A45205,Blue,SPRING  ASSY L/H BLUE,14.5,3250,,1,14.5,,,,,,,
White  6.0,25,50,50,55,55,60,60,85,85,52,52,65,65,42,42,60,60,75,75,47,47,52,52,39.5,39.5,50,50,45,25,,,B45224,A45224,White  6.0,SPRING  ASSY  R/H  WHITE,25,3250,,1,25,,,,,,,
White,25,50,50,55,55,60,60,85,85,52,52,65,65,42,42,60,60,75,75,47,47,52,52,39.5,39.5,50,50,45,25,,,B45225,A45225,White,SPRING  ASSY  L/H WHITE,25,3250,,1,25,,,,,,,
Red/Green  5.6,20,45,45,50,50,55,55,80,80,47,47,60,60,37,37,55,55,70,70,42,42,47,47,34.5,34.5,45,45,40,20,,,B45214,A45214,Red/Green  5.6,SPRING  ASSY R/H RED/GREEN,20,3400,,1,20,,,,,,,
Red/Green,0,25,25,30,30,35,35,60,60,27,27,40,40,17,17,35,35,50,50,22,22,27,27,14.5,14.5,25,25,20,0,,,,Part No.,Colour,Description,IPPT,Max Hgt,,,,,,,,,,
,,,,,,,,,,,,,,,,,,,,,,,,,,,,,,,,,,,,,,,,,,,,,,,
,,,,,,,,,,,,,,,,,,,,,,,,,,,,,,,,,,,,,,,,,,,,,,,
3 Springs,,Alpine Blue,Alpine Blue,Brown  5.6,Brown,Desert Sand 6.0,Desert Sand,Red  7.1,Red,Lichen  5.6,Lichen,Black  6.3,Black,Terracotta  5.0,Terracotta,Purple  6.3,Purple,Green  7.1,Green,Orange  5.6,Orange,Yellow  6.0,Yellow,Blue  5.0,Blue,White  6.0,White,Red/Green  5.6,Colour,,,,,,,,,,,,,,,,,,
,,25,25,30,30,35,35,60,60,27,27,40,40,17,17,35,35,50,50,22,22,27,27,14.5,14.5,25,25,20,0,,,,,,,,,,,,,,,,,,
"Alpine Blue,  Alpine Blue 5.6",50,75,75,80,80,85,85,110,110,77,77,90,90,67,67,85,85,100,100,72,72,77,77,64.5,64.5,75,75,70,50,,,,,,,,,,,,,,,,,,
"Alpine Blue,  Alpine Blue",50,75,75,80,80,85,85,110,110,77,77,90,90,67,67,85,85,100,100,72,72,77,77,64.5,64.5,75,75,70,50,,,,,,,,,,,,,,,,,,
"Alpine Blue,  Brown  5.6",55,80,80,85,85,90,90,115,115,82,82,95,95,72,72,90,90,105,105,77,77,82,82,69.5,69.5,80,80,75,55,,,,,,,,,,,,,,,,,,
"Alpine Blue,  Brown",55,80,80,85,85,90,90,115,115,82,82,95,95,72,72,90,90,105,105,77,77,82,82,69.5,69.5,80,80,75,55,,,,,,,,,,,,,,,,,,
"Alpine Blue,  Desert Sand 6.0",60,85,85,90,90,95,95,120,120,87,87,100,100,77,77,95,95,110,110,82,82,87,87,74.5,74.5,85,85,80,60,,,,,,,,,,,,,,,,,,
"Alpine Blue,  Desert Sand",60,85,85,90,90,95,95,120,120,87,87,100,100,77,77,95,95,110,110,82,82,87,87,74.5,74.5,85,85,80,60,,,,,,,,,,,,,,,,,,
"Alpine Blue,  Red  7.1",85,110,110,115,115,120,120,145,145,112,112,125,125,102,102,120,120,135,135,107,107,112,112,99.5,99.5,110,110,105,85,,,,,,,,,,,,,,,,,,
"Alpine Blue,  Red",85,110,110,115,115,120,120,145,145,112,112,125,125,102,102,120,120,135,135,107,107,112,112,99.5,99.5,110,110,105,85,,,,,,,,,,,,,,,,,,
"Alpine Blue,  Lichen  5.6",52,77,77,82,82,87,87,112,112,79,79,92,92,69,69,87,87,102,102,74,74,79,79,66.5,66.5,77,77,72,52,,,,,,,,,,,,,,,,,,
"Alpine Blue,  Lichen",52,77,77,82,82,87,87,112,112,79,79,92,92,69,69,87,87,102,102,74,74,79,79,66.5,66.5,77,77,72,52,,,,,,,,,,,,,,,,,,
"Alpine Blue,  Black  6.3",65,90,90,95,95,100,100,125,125,92,92,105,105,82,82,100,100,115,115,87,87,92,92,79.5,79.5,90,90,85,65,,,,,,,,,,,,,,,,,,
"Alpine Blue,  Black",65,90,90,95,95,100,100,125,125,92,92,105,105,82,82,100,100,115,115,87,87,92,92,79.5,79.5,90,90,85,65,,,,,,,,,,,,,,,,,,
"Alpine Blue,  Terracotta  5.0",42,67,67,72,72,77,77,102,102,69,69,82,82,59,59,77,77,92,92,64,64,69,69,56.5,56.5,67,67,62,42,,,,,,,,,,,,,,,,,,
"Alpine Blue,  Terracotta",42,67,67,72,72,77,77,102,102,69,69,82,82,59,59,77,77,92,92,64,64,69,69,56.5,56.5,67,67,62,42,,,,,,,,,,,,,,,,,,
"Alpine Blue,  Purple  6.3",60,85,85,90,90,95,95,120,120,87,87,100,100,77,77,95,95,110,110,82,82,87,87,74.5,74.5,85,85,80,60,,,,,,,,,,,,,,,,,,
"Alpine Blue,  Purple",60,85,85,90,90,95,95,120,120,87,87,100,100,77,77,95,95,110,110,82,82,87,87,74.5,74.5,85,85,80,60,,,,,,,,,,,,,,,,,,
"Alpine Blue,  Green  7.1",75,100,100,105,105,110,110,135,135,102,102,115,115,92,92,110,110,125,125,97,97,102,102,89.5,89.5,100,100,95,75,,,,,,,,,,,,,,,,,,
"Alpine Blue,  Green",75,100,100,105,105,110,110,135,135,102,102,115,115,92,92,110,110,125,125,97,97,102,102,89.5,89.5,100,100,95,75,,,,,,,,,,,,,,,,,,
"Alpine Blue,  Orange  5.6",47,72,72,77,77,82,82,107,107,74,74,87,87,64,64,82,82,97,97,69,69,74,74,61.5,61.5,72,72,67,47,,,,,,,,,,,,,,,,,,
"Alpine Blue,  Orange",47,72,72,77,77,82,82,107,107,74,74,87,87,64,64,82,82,97,97,69,69,74,74,61.5,61.5,72,72,67,47,,,,,,,,,,,,,,,,,,
"Alpine Blue,  Yellow  6.0",52,77,77,82,82,87,87,112,112,79,79,92,92,69,69,87,87,102,102,74,74,79,79,66.5,66.5,77,77,72,52,,,,,,,,,,,,,,,,,,
"Alpine Blue,  Yellow",52,77,77,82,82,87,87,112,112,79,79,92,92,69,69,87,87,102,102,74,74,79,79,66.5,66.5,77,77,72,52,,,,,,,,,,,,,,,,,,
"Alpine Blue,  Blue  5.0",39.5,64.5,64.5,69.5,69.5,74.5,74.5,99.5,99.5,66.5,66.5,79.5,79.5,56.5,56.5,74.5,74.5,89.5,89.5,61.5,61.5,66.5,66.5,54,54,64.5,64.5,59.5,39.5,,,,,,,,,,,,,,,,,,
"Alpine Blue,  Blue",39.5,64.5,64.5,69.5,69.5,74.5,74.5,99.5,99.5,66.5,66.5,79.5,79.5,56.5,56.5,74.5,74.5,89.5,89.5,61.5,61.5,66.5,66.5,54,54,64.5,64.5,59.5,39.5,,,,,,,,,,,,,,,,,,
"Alpine Blue,  White  6.0",50,75,75,80,80,85,85,110,110,77,77,90,90,67,67,85,85,100,100,72,72,77,77,64.5,64.5,75,75,70,50,,,,,,,,,,,,,,,,,,
"Alpine Blue,  White",50,75,75,80,80,85,85,110,110,77,77,90,90,67,67,85,85,100,100,72,72,77,77,64.5,64.5,75,75,70,50,,,,,,,,,,,,,,,,,,
"Alpine Blue,  Red/Green  5.6",45,70,70,75,75,80,80,105,105,72,72,85,85,62,62,80,80,95,95,67,67,72,72,59.5,59.5,70,70,65,45,,,,,,,,,,,,,,,,,,
"Alpine Blue,  Red/Green",25,50,50,55,55,60,60,85,85,52,52,65,65,42,42,60,60,75,75,47,47,52,52,39.5,39.5,50,50,45,25,,,,,,,,,,,,,,,,,,
"Brown  5.6,  Alpine Blue 5.6",55,80,80,85,85,90,90,115,115,82,82,95,95,72,72,90,90,105,105,77,77,82,82,69.5,69.5,80,80,75,55,,,,,,,,,,,,,,,,,,
"Brown  5.6,  Alpine Blue",55,80,80,85,85,90,90,115,115,82,82,95,95,72,72,90,90,105,105,77,77,82,82,69.5,69.5,80,80,75,55,,,,,,,,,,,,,,,,,,
"Brown  5.6,  Brown  5.6",60,85,85,90,90,95,95,120,120,87,87,100,100,77,77,95,95,110,110,82,82,87,87,74.5,74.5,85,85,80,60,,,,,,,,,,,,,,,,,,
"Brown  5.6,  Brown",60,85,85,90,90,95,95,120,120,87,87,100,100,77,77,95,95,110,110,82,82,87,87,74.5,74.5,85,85,80,60,,,,,,,,,,,,,,,,,,
"Brown  5.6,  Desert Sand 6.0",65,90,90,95,95,100,100,125,125,92,92,105,105,82,82,100,100,115,115,87,87,92,92,79.5,79.5,90,90,85,65,,,,,,,,,,,,,,,,,,
"Brown  5.6,  Desert Sand",65,90,90,95,95,100,100,125,125,92,92,105,105,82,82,100,100,115,115,87,87,92,92,79.5,79.5,90,90,85,65,,,,,,,,,,,,,,,,,,
"Brown  5.6,  Red  7.1",90,115,115,120,120,125,125,150,150,117,117,130,130,107,107,125,125,140,140,112,112,117,117,104.5,104.5,115,115,110,90,,,,,,,,,,,,,,,,,,
"Brown  5.6,  Red",90,115,115,120,120,125,125,150,150,117,117,130,130,107,107,125,125,140,140,112,112,117,117,104.5,104.5,115,115,110,90,,,,,,,,,,,,,,,,,,
"Brown  5.6,  Lichen  5.6",57,82,82,87,87,92,92,117,117,84,84,97,97,74,74,92,92,107,107,79,79,84,84,71.5,71.5,82,82,77,57,,,,,,,,,,,,,,,,,,
"Brown  5.6,  Lichen",57,82,82,87,87,92,92,117,117,84,84,97,97,74,74,92,92,107,107,79,79,84,84,71.5,71.5,82,82,77,57,,,,,,,,,,,,,,,,,,
"Brown  5.6,  Black  6.3",70,95,95,100,100,105,105,130,130,97,97,110,110,87,87,105,105,120,120,92,92,97,97,84.5,84.5,95,95,90,70,,,,,,,,,,,,,,,,,,
"Brown  5.6,  Black",70,95,95,100,100,105,105,130,130,97,97,110,110,87,87,105,105,120,120,92,92,97,97,84.5,84.5,95,95,90,70,,,,,,,,,,,,,,,,,,
"Brown  5.6,  Terracotta  5.0",47,72,72,77,77,82,82,107,107,74,74,87,87,64,64,82,82,97,97,69,69,74,74,61.5,61.5,72,72,67,47,,,,,,,,,,,,,,,,,,
"Brown  5.6,  Terracotta",47,72,72,77,77,82,82,107,107,74,74,87,87,64,64,82,82,97,97,69,69,74,74,61.5,61.5,72,72,67,47,,,,,,,,,,,,,,,,,,
"Brown  5.6,  Purple  6.3",65,90,90,95,95,100,100,125,125,92,92,105,105,82,82,100,100,115,115,87,87,92,92,79.5,79.5,90,90,85,65,,,,,,,,,,,,,,,,,,
"Brown  5.6,  Purple",65,90,90,95,95,100,100,125,125,92,92,105,105,82,82,100,100,115,115,87,87,92,92,79.5,79.5,90,90,85,65,,,,,,,,,,,,,,,,,,
"Brown  5.6,  Green  7.1",80,105,105,110,110,115,115,140,140,107,107,120,120,97,97,115,115,130,130,102,102,107,107,94.5,94.5,105,105,100,80,,,,,,,,,,,,,,,,,,
"Brown  5.6,  Green",80,105,105,110,110,115,115,140,140,107,107,120,120,97,97,115,115,130,130,102,102,107,107,94.5,94.5,105,105,100,80,,,,,,,,,,,,,,,,,,
"Brown  5.6,  Orange  5.6",52,77,77,82,82,87,87,112,112,79,79,92,92,69,69,87,87,102,102,74,74,79,79,66.5,66.5,77,77,72,52,,,,,,,,,,,,,,,,,,
"Brown  5.6,  Orange",52,77,77,82,82,87,87,112,112,79,79,92,92,69,69,87,87,102,102,74,74,79,79,66.5,66.5,77,77,72,52,,,,,,,,,,,,,,,,,,
"Brown  5.6,  Yellow  6.0",57,82,82,87,87,92,92,117,117,84,84,97,97,74,74,92,92,107,107,79,79,84,84,71.5,71.5,82,82,77,57,,,,,,,,,,,,,,,,,,
"Brown  5.6,  Yellow",57,82,82,87,87,92,92,117,117,84,84,97,97,74,74,92,92,107,107,79,79,84,84,71.5,71.5,82,82,77,57,,,,,,,,,,,,,,,,,,
"Brown  5.6,  Blue  5.0",44.5,69.5,69.5,74.5,74.5,79.5,79.5,104.5,104.5,71.5,71.5,84.5,84.5,61.5,61.5,79.5,79.5,94.5,94.5,66.5,66.5,71.5,71.5,59,59,69.5,69.5,64.5,44.5,,,,,,,,,,,,,,,,,,
"Brown  5.6,  Blue",44.5,69.5,69.5,74.5,74.5,79.5,79.5,104.5,104.5,71.5,71.5,84.5,84.5,61.5,61.5,79.5,79.5,94.5,94.5,66.5,66.5,71.5,71.5,59,59,69.5,69.5,64.5,44.5,,,,,,,,,,,,,,,,,,
"Brown  5.6,  White  6.0",55,80,80,85,85,90,90,115,115,82,82,95,95,72,72,90,90,105,105,77,77,82,82,69.5,69.5,80,80,75,55,,,,,,,,,,,,,,,,,,
"Brown  5.6,  White",55,80,80,85,85,90,90,115,115,82,82,95,95,72,72,90,90,105,105,77,77,82,82,69.5,69.5,80,80,75,55,,,,,,,,,,,,,,,,,,
"Brown  5.6,  Red/Green  5.6",50,75,75,80,80,85,85,110,110,77,77,90,90,67,67,85,85,100,100,72,72,77,77,64.5,64.5,75,75,70,50,,,,,,,,,,,,,,,,,,
"Brown  5.6,  Red/Green",30,55,55,60,60,65,65,90,90,57,57,70,70,47,47,65,65,80,80,52,52,57,57,44.5,44.5,55,55,50,30,,,,,,,,,,,,,,,,,,
"Desert Sand 6.0,  Alpine Blue 5.6",60,85,85,90,90,95,95,120,120,87,87,100,100,77,77,95,95,110,110,82,82,87,87,74.5,74.5,85,85,80,60,,,,,,,,,,,,,,,,,,
"Desert Sand 6.0,  Alpine Blue",60,85,85,90,90,95,95,120,120,87,87,100,100,77,77,95,95,110,110,82,82,87,87,74.5,74.5,85,85,80,60,,,,,,,,,,,,,,,,,,
"Desert Sand 6.0,  Brown  5.6",65,90,90,95,95,100,100,125,125,92,92,105,105,82,82,100,100,115,115,87,87,92,92,79.5,79.5,90,90,85,65,,,,,,,,,,,,,,,,,,
"Desert Sand 6.0,  Brown",65,90,90,95,95,100,100,125,125,92,92,105,105,82,82,100,100,115,115,87,87,92,92,79.5,79.5,90,90,85,65,,,,,,,,,,,,,,,,,,
"Desert Sand 6.0,  Desert Sand 6.0",70,95,95,100,100,105,105,130,130,97,97,110,110,87,87,105,105,120,120,92,92,97,97,84.5,84.5,95,95,90,70,,,,,,,,,,,,,,,,,,
"Desert Sand 6.0,  Desert Sand",70,95,95,100,100,105,105,130,130,97,97,110,110,87,87,105,105,120,120,92,92,97,97,84.5,84.5,95,95,90,70,,,,,,,,,,,,,,,,,,
"Desert Sand 6.0,  Red  7.1",95,120,120,125,125,130,130,155,155,122,122,135,135,112,112,130,130,145,145,117,117,122,122,109.5,109.5,120,120,115,95,,,,,,,,,,,,,,,,,,
"Desert Sand 6.0,  Red",95,120,120,125,125,130,130,155,155,122,122,135,135,112,112,130,130,145,145,117,117,122,122,109.5,109.5,120,120,115,95,,,,,,,,,,,,,,,,,,
"Desert Sand 6.0,  Lichen  5.6",62,87,87,92,92,97,97,122,122,89,89,102,102,79,79,97,97,112,112,84,84,89,89,76.5,76.5,87,87,82,62,,,,,,,,,,,,,,,,,,
"Desert Sand 6.0,  Lichen",62,87,87,92,92,97,97,122,122,89,89,102,102,79,79,97,97,112,112,84,84,89,89,76.5,76.5,87,87,82,62,,,,,,,,,,,,,,,,,,
"Desert Sand 6.0,  Black  6.3",75,100,100,105,105,110,110,135,135,102,102,115,115,92,92,110,110,125,125,97,97,102,102,89.5,89.5,100,100,95,75,,,,,,,,,,,,,,,,,,
"Desert Sand 6.0,  Black",75,100,100,105,105,110,110,135,135,102,102,115,115,92,92,110,110,125,125,97,97,102,102,89.5,89.5,100,100,95,75,,,,,,,,,,,,,,,,,,
"Desert Sand 6.0,  Terracotta  5.0",52,77,77,82,82,87,87,112,112,79,79,92,92,69,69,87,87,102,102,74,74,79,79,66.5,66.5,77,77,72,52,,,,,,,,,,,,,,,,,,
"Desert Sand 6.0,  Terracotta",52,77,77,82,82,87,87,112,112,79,79,92,92,69,69,87,87,102,102,74,74,79,79,66.5,66.5,77,77,72,52,,,,,,,,,,,,,,,,,,
"Desert Sand 6.0,  Purple  6.3",70,95,95,100,100,105,105,130,130,97,97,110,110,87,87,105,105,120,120,92,92,97,97,84.5,84.5,95,95,90,70,,,,,,,,,,,,,,,,,,
"Desert Sand 6.0,  Purple",70,95,95,100,100,105,105,130,130,97,97,110,110,87,87,105,105,120,120,92,92,97,97,84.5,84.5,95,95,90,70,,,,,,,,,,,,,,,,,,
"Desert Sand 6.0,  Green  7.1",85,110,110,115,115,120,120,145,145,112,112,125,125,102,102,120,120,135,135,107,107,112,112,99.5,99.5,110,110,105,85,,,,,,,,,,,,,,,,,,
"Desert Sand 6.0,  Green",85,110,110,115,115,120,120,145,145,112,112,125,125,102,102,120,120,135,135,107,107,112,112,99.5,99.5,110,110,105,85,,,,,,,,,,,,,,,,,,
"Desert Sand 6.0,  Orange  5.6",57,82,82,87,87,92,92,117,117,84,84,97,97,74,74,92,92,107,107,79,79,84,84,71.5,71.5,82,82,77,57,,,,,,,,,,,,,,,,,,
"Desert Sand 6.0,  Orange",57,82,82,87,87,92,92,117,117,84,84,97,97,74,74,92,92,107,107,79,79,84,84,71.5,71.5,82,82,77,57,,,,,,,,,,,,,,,,,,
"Desert Sand 6.0,  Yellow  6.0",62,87,87,92,92,97,97,122,122,89,89,102,102,79,79,97,97,112,112,84,84,89,89,76.5,76.5,87,87,82,62,,,,,,,,,,,,,,,,,,
"Desert Sand 6.0,  Yellow",62,87,87,92,92,97,97,122,122,89,89,102,102,79,79,97,97,112,112,84,84,89,89,76.5,76.5,87,87,82,62,,,,,,,,,,,,,,,,,,
"Desert Sand 6.0,  Blue  5.0",49.5,74.5,74.5,79.5,79.5,84.5,84.5,109.5,109.5,76.5,76.5,89.5,89.5,66.5,66.5,84.5,84.5,99.5,99.5,71.5,71.5,76.5,76.5,64,64,74.5,74.5,69.5,49.5,,,,,,,,,,,,,,,,,,
"Desert Sand 6.0,  Blue",49.5,74.5,74.5,79.5,79.5,84.5,84.5,109.5,109.5,76.5,76.5,89.5,89.5,66.5,66.5,84.5,84.5,99.5,99.5,71.5,71.5,76.5,76.5,64,64,74.5,74.5,69.5,49.5,,,,,,,,,,,,,,,,,,
"Desert Sand 6.0,  White  6.0",60,85,85,90,90,95,95,120,120,87,87,100,100,77,77,95,95,110,110,82,82,87,87,74.5,74.5,85,85,80,60,,,,,,,,,,,,,,,,,,
"Desert Sand 6.0,  White",60,85,85,90,90,95,95,120,120,87,87,100,100,77,77,95,95,110,110,82,82,87,87,74.5,74.5,85,85,80,60,,,,,,,,,,,,,,,,,,
"Desert Sand 6.0,  Red/Green  5.6",55,80,80,85,85,90,90,115,115,82,82,95,95,72,72,90,90,105,105,77,77,82,82,69.5,69.5,80,80,75,55,,,,,,,,,,,,,,,,,,
"Desert Sand 6.0,  Red/Green",35,60,60,65,65,70,70,95,95,62,62,75,75,52,52,70,70,85,85,57,57,62,62,49.5,49.5,60,60,55,35,,,,,,,,,,,,,,,,,,
"Red  7.1,  Alpine Blue 5.6",85,110,110,115,115,120,120,145,145,112,112,125,125,102,102,120,120,135,135,107,107,112,112,99.5,99.5,110,110,105,85,,,,,,,,,,,,,,,,,,
"Red  7.1,  Alpine Blue",85,110,110,115,115,120,120,145,145,112,112,125,125,102,102,120,120,135,135,107,107,112,112,99.5,99.5,110,110,105,85,,,,,,,,,,,,,,,,,,
"Red  7.1,  Brown  5.6",90,115,115,120,120,125,125,150,150,117,117,130,130,107,107,125,125,140,140,112,112,117,117,104.5,104.5,115,115,110,90,,,,,,,,,,,,,,,,,,
"Red  7.1,  Brown",90,115,115,120,120,125,125,150,150,117,117,130,130,107,107,125,125,140,140,112,112,117,117,104.5,104.5,115,115,110,90,,,,,,,,,,,,,,,,,,
"Red  7.1,  Desert Sand 6.0",95,120,120,125,125,130,130,155,155,122,122,135,135,112,112,130,130,145,145,117,117,122,122,109.5,109.5,120,120,115,95,,,,,,,,,,,,,,,,,,
"Red  7.1,  Desert Sand",95,120,120,125,125,130,130,155,155,122,122,135,135,112,112,130,130,145,145,117,117,122,122,109.5,109.5,120,120,115,95,,,,,,,,,,,,,,,,,,
"Red  7.1,  Red  7.1",120,145,145,150,150,155,155,180,180,147,147,160,160,137,137,155,155,170,170,142,142,147,147,134.5,134.5,145,145,140,120,,,,,,,,,,,,,,,,,,
"Red  7.1,  Red",120,145,145,150,150,155,155,180,180,147,147,160,160,137,137,155,155,170,170,142,142,147,147,134.5,134.5,145,145,140,120,,,,,,,,,,,,,,,,,,
"Red  7.1,  Lichen  5.6",87,112,112,117,117,122,122,147,147,114,114,127,127,104,104,122,122,137,137,109,109,114,114,101.5,101.5,112,112,107,87,,,,,,,,,,,,,,,,,,
"Red  7.1,  Lichen",87,112,112,117,117,122,122,147,147,114,114,127,127,104,104,122,122,137,137,109,109,114,114,101.5,101.5,112,112,107,87,,,,,,,,,,,,,,,,,,
"Red  7.1,  Black  6.3",100,125,125,130,130,135,135,160,160,127,127,140,140,117,117,135,135,150,150,122,122,127,127,114.5,114.5,125,125,120,100,,,,,,,,,,,,,,,,,,
"Red  7.1,  Black",100,125,125,130,130,135,135,160,160,127,127,140,140,117,117,135,135,150,150,122,122,127,127,114.5,114.5,125,125,120,100,,,,,,,,,,,,,,,,,,
"Red  7.1,  Terracotta  5.0",77,102,102,107,107,112,112,137,137,104,104,117,117,94,94,112,112,127,127,99,99,104,104,91.5,91.5,102,102,97,77,,,,,,,,,,,,,,,,,,
"Red  7.1,  Terracotta",77,102,102,107,107,112,112,137,137,104,104,117,117,94,94,112,112,127,127,99,99,104,104,91.5,91.5,102,102,97,77,,,,,,,,,,,,,,,,,,
"Red  7.1,  Purple  6.3",95,120,120,125,125,130,130,155,155,122,122,135,135,112,112,130,130,145,145,117,117,122,122,109.5,109.5,120,120,115,95,,,,,,,,,,,,,,,,,,
"Red  7.1,  Purple",95,120,120,125,125,130,130,155,155,122,122,135,135,112,112,130,130,145,145,117,117,122,122,109.5,109.5,120,120,115,95,,,,,,,,,,,,,,,,,,
"Red  7.1,  Green  7.1",110,135,135,140,140,145,145,170,170,137,137,150,150,127,127,145,145,160,160,132,132,137,137,124.5,124.5,135,135,130,110,,,,,,,,,,,,,,,,,,
"Red  7.1,  Green",110,135,135,140,140,145,145,170,170,137,137,150,150,127,127,145,145,160,160,132,132,137,137,124.5,124.5,135,135,130,110,,,,,,,,,,,,,,,,,,
"Red  7.1,  Orange  5.6",82,107,107,112,112,117,117,142,142,109,109,122,122,99,99,117,117,132,132,104,104,109,109,96.5,96.5,107,107,102,82,,,,,,,,,,,,,,,,,,
"Red  7.1,  Orange",82,107,107,112,112,117,117,142,142,109,109,122,122,99,99,117,117,132,132,104,104,109,109,96.5,96.5,107,107,102,82,,,,,,,,,,,,,,,,,,
"Red  7.1,  Yellow  6.0",87,112,112,117,117,122,122,147,147,114,114,127,127,104,104,122,122,137,137,109,109,114,114,101.5,101.5,112,112,107,87,,,,,,,,,,,,,,,,,,
"Red  7.1,  Yellow",87,112,112,117,117,122,122,147,147,114,114,127,127,104,104,122,122,137,137,109,109,114,114,101.5,101.5,112,112,107,87,,,,,,,,,,,,,,,,,,
"Red  7.1,  Blue  5.0",74.5,99.5,99.5,104.5,104.5,109.5,109.5,134.5,134.5,101.5,101.5,114.5,114.5,91.5,91.5,109.5,109.5,124.5,124.5,96.5,96.5,101.5,101.5,89,89,99.5,99.5,94.5,74.5,,,,,,,,,,,,,,,,,,
"Red  7.1,  Blue",74.5,99.5,99.5,104.5,104.5,109.5,109.5,134.5,134.5,101.5,101.5,114.5,114.5,91.5,91.5,109.5,109.5,124.5,124.5,96.5,96.5,101.5,101.5,89,89,99.5,99.5,94.5,74.5,,,,,,,,,,,,,,,,,,
"Red  7.1,  White  6.0",85,110,110,115,115,120,120,145,145,112,112,125,125,102,102,120,120,135,135,107,107,112,112,99.5,99.5,110,110,105,85,,,,,,,,,,,,,,,,,,
"Red  7.1,  White",85,110,110,115,115,120,120,145,145,112,112,125,125,102,102,120,120,135,135,107,107,112,112,99.5,99.5,110,110,105,85,,,,,,,,,,,,,,,,,,
"Red  7.1,  Red/Green  5.6",80,105,105,110,110,115,115,140,140,107,107,120,120,97,97,115,115,130,130,102,102,107,107,94.5,94.5,105,105,100,80,,,,,,,,,,,,,,,,,,
"Red  7.1,  Red/Green",60,85,85,90,90,95,95,120,120,87,87,100,100,77,77,95,95,110,110,82,82,87,87,74.5,74.5,85,85,80,60,,,,,,,,,,,,,,,,,,
"Lichen  5.6,  Alpine Blue 5.6",52,77,77,82,82,87,87,112,112,79,79,92,92,69,69,87,87,102,102,74,74,79,79,66.5,66.5,77,77,72,52,,,,,,,,,,,,,,,,,,
"Lichen  5.6,  Alpine Blue",52,77,77,82,82,87,87,112,112,79,79,92,92,69,69,87,87,102,102,74,74,79,79,66.5,66.5,77,77,72,52,,,,,,,,,,,,,,,,,,
"Lichen  5.6,  Brown  5.6",57,82,82,87,87,92,92,117,117,84,84,97,97,74,74,92,92,107,107,79,79,84,84,71.5,71.5,82,82,77,57,,,,,,,,,,,,,,,,,,
"Lichen  5.6,  Brown",57,82,82,87,87,92,92,117,117,84,84,97,97,74,74,92,92,107,107,79,79,84,84,71.5,71.5,82,82,77,57,,,,,,,,,,,,,,,,,,
"Lichen  5.6,  Desert Sand 6.0",62,87,87,92,92,97,97,122,122,89,89,102,102,79,79,97,97,112,112,84,84,89,89,76.5,76.5,87,87,82,62,,,,,,,,,,,,,,,,,,
"Lichen  5.6,  Desert Sand",62,87,87,92,92,97,97,122,122,89,89,102,102,79,79,97,97,112,112,84,84,89,89,76.5,76.5,87,87,82,62,,,,,,,,,,,,,,,,,,
"Lichen  5.6,  Red  7.1",87,112,112,117,117,122,122,147,147,114,114,127,127,104,104,122,122,137,137,109,109,114,114,101.5,101.5,112,112,107,87,,,,,,,,,,,,,,,,,,
"Lichen  5.6,  Red",87,112,112,117,117,122,122,147,147,114,114,127,127,104,104,122,122,137,137,109,109,114,114,101.5,101.5,112,112,107,87,,,,,,,,,,,,,,,,,,
"Lichen  5.6,  Lichen  5.6",54,79,79,84,84,89,89,114,114,81,81,94,94,71,71,89,89,104,104,76,76,81,81,68.5,68.5,79,79,74,54,,,,,,,,,,,,,,,,,,
"Lichen  5.6,  Lichen",54,79,79,84,84,89,89,114,114,81,81,94,94,71,71,89,89,104,104,76,76,81,81,68.5,68.5,79,79,74,54,,,,,,,,,,,,,,,,,,
"Lichen  5.6,  Black  6.3",67,92,92,97,97,102,102,127,127,94,94,107,107,84,84,102,102,117,117,89,89,94,94,81.5,81.5,92,92,87,67,,,,,,,,,,,,,,,,,,
"Lichen  5.6,  Black",67,92,92,97,97,102,102,127,127,94,94,107,107,84,84,102,102,117,117,89,89,94,94,81.5,81.5,92,92,87,67,,,,,,,,,,,,,,,,,,
"Lichen  5.6,  Terracotta  5.0",44,69,69,74,74,79,79,104,104,71,71,84,84,61,61,79,79,94,94,66,66,71,71,58.5,58.5,69,69,64,44,,,,,,,,,,,,,,,,,,
"Lichen  5.6,  Terracotta",44,69,69,74,74,79,79,104,104,71,71,84,84,61,61,79,79,94,94,66,66,71,71,58.5,58.5,69,69,64,44,,,,,,,,,,,,,,,,,,
"Lichen  5.6,  Purple  6.3",62,87,87,92,92,97,97,122,122,89,89,102,102,79,79,97,97,112,112,84,84,89,89,76.5,76.5,87,87,82,62,,,,,,,,,,,,,,,,,,
"Lichen  5.6,  Purple",62,87,87,92,92,97,97,122,122,89,89,102,102,79,79,97,97,112,112,84,84,89,89,76.5,76.5,87,87,82,62,,,,,,,,,,,,,,,,,,
"Lichen  5.6,  Green  7.1",77,102,102,107,107,112,112,137,137,104,104,117,117,94,94,112,112,127,127,99,99,104,104,91.5,91.5,102,102,97,77,,,,,,,,,,,,,,,,,,
"Lichen  5.6,  Green",77,102,102,107,107,112,112,137,137,104,104,117,117,94,94,112,112,127,127,99,99,104,104,91.5,91.5,102,102,97,77,,,,,,,,,,,,,,,,,,
"Lichen  5.6,  Orange  5.6",49,74,74,79,79,84,84,109,109,76,76,89,89,66,66,84,84,99,99,71,71,76,76,63.5,63.5,74,74,69,49,,,,,,,,,,,,,,,,,,
"Lichen  5.6,  Orange",49,74,74,79,79,84,84,109,109,76,76,89,89,66,66,84,84,99,99,71,71,76,76,63.5,63.5,74,74,69,49,,,,,,,,,,,,,,,,,,
"Lichen  5.6,  Yellow  6.0",54,79,79,84,84,89,89,114,114,81,81,94,94,71,71,89,89,104,104,76,76,81,81,68.5,68.5,79,79,74,54,,,,,,,,,,,,,,,,,,
"Lichen  5.6,  Yellow",54,79,79,84,84,89,89,114,114,81,81,94,94,71,71,89,89,104,104,76,76,81,81,68.5,68.5,79,79,74,54,,,,,,,,,,,,,,,,,,
"Lichen  5.6,  Blue  5.0",41.5,66.5,66.5,71.5,71.5,76.5,76.5,101.5,101.5,68.5,68.5,81.5,81.5,58.5,58.5,76.5,76.5,91.5,91.5,63.5,63.5,68.5,68.5,56,56,66.5,66.5,61.5,41.5,,,,,,,,,,,,,,,,,,
"Lichen  5.6,  Blue",41.5,66.5,66.5,71.5,71.5,76.5,76.5,101.5,101.5,68.5,68.5,81.5,81.5,58.5,58.5,76.5,76.5,91.5,91.5,63.5,63.5,68.5,68.5,56,56,66.5,66.5,61.5,41.5,,,,,,,,,,,,,,,,,,
"Lichen  5.6,  White  6.0",52,77,77,82,82,87,87,112,112,79,79,92,92,69,69,87,87,102,102,74,74,79,79,66.5,66.5,77,77,72,52,,,,,,,,,,,,,,,,,,
"Lichen  5.6,  White",52,77,77,82,82,87,87,112,112,79,79,92,92,69,69,87,87,102,102,74,74,79,79,66.5,66.5,77,77,72,52,,,,,,,,,,,,,,,,,,
"Lichen  5.6,  Red/Green  5.6",47,72,72,77,77,82,82,107,107,74,74,87,87,64,64,82,82,97,97,69,69,74,74,61.5,61.5,72,72,67,47,,,,,,,,,,,,,,,,,,
"Lichen  5.6,  Red/Green",27,52,52,57,57,62,62,87,87,54,54,67,67,44,44,62,62,77,77,49,49,54,54,41.5,41.5,52,52,47,27,,,,,,,,,,,,,,,,,,
"Black  6.3,  Alpine Blue 5.6",65,90,90,95,95,100,100,125,125,92,92,105,105,82,82,100,100,115,115,87,87,92,92,79.5,79.5,90,90,85,65,,,,,,,,,,,,,,,,,,
"Black  6.3,  Alpine Blue",65,90,90,95,95,100,100,125,125,92,92,105,105,82,82,100,100,115,115,87,87,92,92,79.5,79.5,90,90,85,65,,,,,,,,,,,,,,,,,,
"Black  6.3,  Brown  5.6",70,95,95,100,100,105,105,130,130,97,97,110,110,87,87,105,105,120,120,92,92,97,97,84.5,84.5,95,95,90,70,,,,,,,,,,,,,,,,,,
"Black  6.3,  Brown",70,95,95,100,100,105,105,130,130,97,97,110,110,87,87,105,105,120,120,92,92,97,97,84.5,84.5,95,95,90,70,,,,,,,,,,,,,,,,,,
"Black  6.3,  Desert Sand 6.0",75,100,100,105,105,110,110,135,135,102,102,115,115,92,92,110,110,125,125,97,97,102,102,89.5,89.5,100,100,95,75,,,,,,,,,,,,,,,,,,
"Black  6.3,  Desert Sand",75,100,100,105,105,110,110,135,135,102,102,115,115,92,92,110,110,125,125,97,97,102,102,89.5,89.5,100,100,95,75,,,,,,,,,,,,,,,,,,
"Black  6.3,  Red  7.1",100,125,125,130,130,135,135,160,160,127,127,140,140,117,117,135,135,150,150,122,122,127,127,114.5,114.5,125,125,120,100,,,,,,,,,,,,,,,,,,
"Black  6.3,  Red",100,125,125,130,130,135,135,160,160,127,127,140,140,117,117,135,135,150,150,122,122,127,127,114.5,114.5,125,125,120,100,,,,,,,,,,,,,,,,,,
"Black  6.3,  Lichen  5.6",67,92,92,97,97,102,102,127,127,94,94,107,107,84,84,102,102,117,117,89,89,94,94,81.5,81.5,92,92,87,67,,,,,,,,,,,,,,,,,,
"Black  6.3,  Lichen",67,92,92,97,97,102,102,127,127,94,94,107,107,84,84,102,102,117,117,89,89,94,94,81.5,81.5,92,92,87,67,,,,,,,,,,,,,,,,,,
"Black  6.3,  Black  6.3",80,105,105,110,110,115,115,140,140,107,107,120,120,97,97,115,115,130,130,102,102,107,107,94.5,94.5,105,105,100,80,,,,,,,,,,,,,,,,,,
"Black  6.3,  Black",80,105,105,110,110,115,115,140,140,107,107,120,120,97,97,115,115,130,130,102,102,107,107,94.5,94.5,105,105,100,80,,,,,,,,,,,,,,,,,,
"Black  6.3,  Terracotta  5.0",57,82,82,87,87,92,92,117,117,84,84,97,97,74,74,92,92,107,107,79,79,84,84,71.5,71.5,82,82,77,57,,,,,,,,,,,,,,,,,,
"Black  6.3,  Terracotta",57,82,82,87,87,92,92,117,117,84,84,97,97,74,74,92,92,107,107,79,79,84,84,71.5,71.5,82,82,77,57,,,,,,,,,,,,,,,,,,
"Black  6.3,  Purple  6.3",75,100,100,105,105,110,110,135,135,102,102,115,115,92,92,110,110,125,125,97,97,102,102,89.5,89.5,100,100,95,75,,,,,,,,,,,,,,,,,,
"Black  6.3,  Purple",75,100,100,105,105,110,110,135,135,102,102,115,115,92,92,110,110,125,125,97,97,102,102,89.5,89.5,100,100,95,75,,,,,,,,,,,,,,,,,,
"Black  6.3,  Green  7.1",90,115,115,120,120,125,125,150,150,117,117,130,130,107,107,125,125,140,140,112,112,117,117,104.5,104.5,115,115,110,90,,,,,,,,,,,,,,,,,,
"Black  6.3,  Green",90,115,115,120,120,125,125,150,150,117,117,130,130,107,107,125,125,140,140,112,112,117,117,104.5,104.5,115,115,110,90,,,,,,,,,,,,,,,,,,
"Black  6.3,  Orange  5.6",62,87,87,92,92,97,97,122,122,89,89,102,102,79,79,97,97,112,112,84,84,89,89,76.5,76.5,87,87,82,62,,,,,,,,,,,,,,,,,,
"Black  6.3,  Orange",62,87,87,92,92,97,97,122,122,89,89,102,102,79,79,97,97,112,112,84,84,89,89,76.5,76.5,87,87,82,62,,,,,,,,,,,,,,,,,,
"Black  6.3,  Yellow  6.0",67,92,92,97,97,102,102,127,127,94,94,107,107,84,84,102,102,117,117,89,89,94,94,81.5,81.5,92,92,87,67,,,,,,,,,,,,,,,,,,
"Black  6.3,  Yellow",67,92,92,97,97,102,102,127,127,94,94,107,107,84,84,102,102,117,117,89,89,94,94,81.5,81.5,92,92,87,67,,,,,,,,,,,,,,,,,,
"Black  6.3,  Blue  5.0",54.5,79.5,79.5,84.5,84.5,89.5,89.5,114.5,114.5,81.5,81.5,94.5,94.5,71.5,71.5,89.5,89.5,104.5,104.5,76.5,76.5,81.5,81.5,69,69,79.5,79.5,74.5,54.5,,,,,,,,,,,,,,,,,,
"Black  6.3,  Blue",54.5,79.5,79.5,84.5,84.5,89.5,89.5,114.5,114.5,81.5,81.5,94.5,94.5,71.5,71.5,89.5,89.5,104.5,104.5,76.5,76.5,81.5,81.5,69,69,79.5,79.5,74.5,54.5,,,,,,,,,,,,,,,,,,
"Black  6.3,  White  6.0",65,90,90,95,95,100,100,125,125,92,92,105,105,82,82,100,100,115,115,87,87,92,92,79.5,79.5,90,90,85,65,,,,,,,,,,,,,,,,,,
"Black  6.3,  White",65,90,90,95,95,100,100,125,125,92,92,105,105,82,82,100,100,115,115,87,87,92,92,79.5,79.5,90,90,85,65,,,,,,,,,,,,,,,,,,
"Black  6.3,  Red/Green  5.6",60,85,85,90,90,95,95,120,120,87,87,100,100,77,77,95,95,110,110,82,82,87,87,74.5,74.5,85,85,80,60,,,,,,,,,,,,,,,,,,
"Black  6.3,  Red/Green",40,65,65,70,70,75,75,100,100,67,67,80,80,57,57,75,75,90,90,62,62,67,67,54.5,54.5,65,65,60,40,,,,,,,,,,,,,,,,,,
"Terracotta  5.0,  Alpine Blue 5.6",42,67,67,72,72,77,77,102,102,69,69,82,82,59,59,77,77,92,92,64,64,69,69,56.5,56.5,67,67,62,42,,,,,,,,,,,,,,,,,,
"Terracotta  5.0,  Alpine Blue",42,67,67,72,72,77,77,102,102,69,69,82,82,59,59,77,77,92,92,64,64,69,69,56.5,56.5,67,67,62,42,,,,,,,,,,,,,,,,,,
"Terracotta  5.0,  Brown  5.6",47,72,72,77,77,82,82,107,107,74,74,87,87,64,64,82,82,97,97,69,69,74,74,61.5,61.5,72,72,67,47,,,,,,,,,,,,,,,,,,
"Terracotta  5.0,  Brown",47,72,72,77,77,82,82,107,107,74,74,87,87,64,64,82,82,97,97,69,69,74,74,61.5,61.5,72,72,67,47,,,,,,,,,,,,,,,,,,
"Terracotta  5.0,  Desert Sand 6.0",52,77,77,82,82,87,87,112,112,79,79,92,92,69,69,87,87,102,102,74,74,79,79,66.5,66.5,77,77,72,52,,,,,,,,,,,,,,,,,,
"Terracotta  5.0,  Desert Sand",52,77,77,82,82,87,87,112,112,79,79,92,92,69,69,87,87,102,102,74,74,79,79,66.5,66.5,77,77,72,52,,,,,,,,,,,,,,,,,,
"Terracotta  5.0,  Red  7.1",77,102,102,107,107,112,112,137,137,104,104,117,117,94,94,112,112,127,127,99,99,104,104,91.5,91.5,102,102,97,77,,,,,,,,,,,,,,,,,,
"Terracotta  5.0,  Red",77,102,102,107,107,112,112,137,137,104,104,117,117,94,94,112,112,127,127,99,99,104,104,91.5,91.5,102,102,97,77,,,,,,,,,,,,,,,,,,
"Terracotta  5.0,  Lichen  5.6",44,69,69,74,74,79,79,104,104,71,71,84,84,61,61,79,79,94,94,66,66,71,71,58.5,58.5,69,69,64,44,,,,,,,,,,,,,,,,,,
"Terracotta  5.0,  Lichen",44,69,69,74,74,79,79,104,104,71,71,84,84,61,61,79,79,94,94,66,66,71,71,58.5,58.5,69,69,64,44,,,,,,,,,,,,,,,,,,
"Terracotta  5.0,  Black  6.3",57,82,82,87,87,92,92,117,117,84,84,97,97,74,74,92,92,107,107,79,79,84,84,71.5,71.5,82,82,77,57,,,,,,,,,,,,,,,,,,
"Terracotta  5.0,  Black",57,82,82,87,87,92,92,117,117,84,84,97,97,74,74,92,92,107,107,79,79,84,84,71.5,71.5,82,82,77,57,,,,,,,,,,,,,,,,,,
"Terracotta  5.0,  Terracotta  5.0",34,59,59,64,64,69,69,94,94,61,61,74,74,51,51,69,69,84,84,56,56,61,61,48.5,48.5,59,59,54,34,,,,,,,,,,,,,,,,,,
"Terracotta  5.0,  Terracotta",34,59,59,64,64,69,69,94,94,61,61,74,74,51,51,69,69,84,84,56,56,61,61,48.5,48.5,59,59,54,34,,,,,,,,,,,,,,,,,,
"Terracotta  5.0,  Purple  6.3",52,77,77,82,82,87,87,112,112,79,79,92,92,69,69,87,87,102,102,74,74,79,79,66.5,66.5,77,77,72,52,,,,,,,,,,,,,,,,,,
"Terracotta  5.0,  Purple",52,77,77,82,82,87,87,112,112,79,79,92,92,69,69,87,87,102,102,74,74,79,79,66.5,66.5,77,77,72,52,,,,,,,,,,,,,,,,,,
"Terracotta  5.0,  Green  7.1",67,92,92,97,97,102,102,127,127,94,94,107,107,84,84,102,102,117,117,89,89,94,94,81.5,81.5,92,92,87,67,,,,,,,,,,,,,,,,,,
"Terracotta  5.0,  Green",67,92,92,97,97,102,102,127,127,94,94,107,107,84,84,102,102,117,117,89,89,94,94,81.5,81.5,92,92,87,67,,,,,,,,,,,,,,,,,,
"Terracotta  5.0,  Orange  5.6",39,64,64,69,69,74,74,99,99,66,66,79,79,56,56,74,74,89,89,61,61,66,66,53.5,53.5,64,64,59,39,,,,,,,,,,,,,,,,,,
"Terracotta  5.0,  Orange",39,64,64,69,69,74,74,99,99,66,66,79,79,56,56,74,74,89,89,61,61,66,66,53.5,53.5,64,64,59,39,,,,,,,,,,,,,,,,,,
"Terracotta  5.0,  Yellow  6.0",44,69,69,74,74,79,79,104,104,71,71,84,84,61,61,79,79,94,94,66,66,71,71,58.5,58.5,69,69,64,44,,,,,,,,,,,,,,,,,,
"Terracotta  5.0,  Yellow",44,69,69,74,74,79,79,104,104,71,71,84,84,61,61,79,79,94,94,66,66,71,71,58.5,58.5,69,69,64,44,,,,,,,,,,,,,,,,,,
"Terracotta  5.0,  Blue  5.0",31.5,56.5,56.5,61.5,61.5,66.5,66.5,91.5,91.5,58.5,58.5,71.5,71.5,48.5,48.5,66.5,66.5,81.5,81.5,53.5,53.5,58.5,58.5,46,46,56.5,56.5,51.5,31.5,,,,,,,,,,,,,,,,,,
"Terracotta  5.0,  Blue",31.5,56.5,56.5,61.5,61.5,66.5,66.5,91.5,91.5,58.5,58.5,71.5,71.5,48.5,48.5,66.5,66.5,81.5,81.5,53.5,53.5,58.5,58.5,46,46,56.5,56.5,51.5,31.5,,,,,,,,,,,,,,,,,,
"Terracotta  5.0,  White  6.0",42,67,67,72,72,77,77,102,102,69,69,82,82,59,59,77,77,92,92,64,64,69,69,56.5,56.5,67,67,62,42,,,,,,,,,,,,,,,,,,
"Terracotta  5.0,  White",42,67,67,72,72,77,77,102,102,69,69,82,82,59,59,77,77,92,92,64,64,69,69,56.5,56.5,67,67,62,42,,,,,,,,,,,,,,,,,,
"Terracotta  5.0,  Red/Green  5.6",37,62,62,67,67,72,72,97,97,64,64,77,77,54,54,72,72,87,87,59,59,64,64,51.5,51.5,62,62,57,37,,,,,,,,,,,,,,,,,,
"Terracotta  5.0,  Red/Green",17,42,42,47,47,52,52,77,77,44,44,57,57,34,34,52,52,67,67,39,39,44,44,31.5,31.5,42,42,37,17,,,,,,,,,,,,,,,,,,
"Purple  6.3,  Alpine Blue 5.6",60,85,85,90,90,95,95,120,120,87,87,100,100,77,77,95,95,110,110,82,82,87,87,74.5,74.5,85,85,80,60,,,,,,,,,,,,,,,,,,
"Purple  6.3,  Alpine Blue",60,85,85,90,90,95,95,120,120,87,87,100,100,77,77,95,95,110,110,82,82,87,87,74.5,74.5,85,85,80,60,,,,,,,,,,,,,,,,,,
"Purple  6.3,  Brown  5.6",65,90,90,95,95,100,100,125,125,92,92,105,105,82,82,100,100,115,115,87,87,92,92,79.5,79.5,90,90,85,65,,,,,,,,,,,,,,,,,,
"Purple  6.3,  Brown",65,90,90,95,95,100,100,125,125,92,92,105,105,82,82,100,100,115,115,87,87,92,92,79.5,79.5,90,90,85,65,,,,,,,,,,,,,,,,,,
"Purple  6.3,  Desert Sand 6.0",70,95,95,100,100,105,105,130,130,97,97,110,110,87,87,105,105,120,120,92,92,97,97,84.5,84.5,95,95,90,70,,,,,,,,,,,,,,,,,,
"Purple  6.3,  Desert Sand",70,95,95,100,100,105,105,130,130,97,97,110,110,87,87,105,105,120,120,92,92,97,97,84.5,84.5,95,95,90,70,,,,,,,,,,,,,,,,,,
"Purple  6.3,  Red  7.1",95,120,120,125,125,130,130,155,155,122,122,135,135,112,112,130,130,145,145,117,117,122,122,109.5,109.5,120,120,115,95,,,,,,,,,,,,,,,,,,
"Purple  6.3,  Red",95,120,120,125,125,130,130,155,155,122,122,135,135,112,112,130,130,145,145,117,117,122,122,109.5,109.5,120,120,115,95,,,,,,,,,,,,,,,,,,
"Purple  6.3,  Lichen  5.6",62,87,87,92,92,97,97,122,122,89,89,102,102,79,79,97,97,112,112,84,84,89,89,76.5,76.5,87,87,82,62,,,,,,,,,,,,,,,,,,
"Purple  6.3,  Lichen",62,87,87,92,92,97,97,122,122,89,89,102,102,79,79,97,97,112,112,84,84,89,89,76.5,76.5,87,87,82,62,,,,,,,,,,,,,,,,,,
"Purple  6.3,  Black  6.3",75,100,100,105,105,110,110,135,135,102,102,115,115,92,92,110,110,125,125,97,97,102,102,89.5,89.5,100,100,95,75,,,,,,,,,,,,,,,,,,
"Purple  6.3,  Black",75,100,100,105,105,110,110,135,135,102,102,115,115,92,92,110,110,125,125,97,97,102,102,89.5,89.5,100,100,95,75,,,,,,,,,,,,,,,,,,
"Purple  6.3,  Terracotta  5.0",52,77,77,82,82,87,87,112,112,79,79,92,92,69,69,87,87,102,102,74,74,79,79,66.5,66.5,77,77,72,52,,,,,,,,,,,,,,,,,,
"Purple  6.3,  Terracotta",52,77,77,82,82,87,87,112,112,79,79,92,92,69,69,87,87,102,102,74,74,79,79,66.5,66.5,77,77,72,52,,,,,,,,,,,,,,,,,,
"Purple  6.3,  Purple  6.3",70,95,95,100,100,105,105,130,130,97,97,110,110,87,87,105,105,120,120,92,92,97,97,84.5,84.5,95,95,90,70,,,,,,,,,,,,,,,,,,
"Purple  6.3,  Purple",70,95,95,100,100,105,105,130,130,97,97,110,110,87,87,105,105,120,120,92,92,97,97,84.5,84.5,95,95,90,70,,,,,,,,,,,,,,,,,,
"Purple  6.3,  Green  7.1",85,110,110,115,115,120,120,145,145,112,112,125,125,102,102,120,120,135,135,107,107,112,112,99.5,99.5,110,110,105,85,,,,,,,,,,,,,,,,,,
"Purple  6.3,  Green",85,110,110,115,115,120,120,145,145,112,112,125,125,102,102,120,120,135,135,107,107,112,112,99.5,99.5,110,110,105,85,,,,,,,,,,,,,,,,,,
"Purple  6.3,  Orange  5.6",57,82,82,87,87,92,92,117,117,84,84,97,97,74,74,92,92,107,107,79,79,84,84,71.5,71.5,82,82,77,57,,,,,,,,,,,,,,,,,,
"Purple  6.3,  Orange",57,82,82,87,87,92,92,117,117,84,84,97,97,74,74,92,92,107,107,79,79,84,84,71.5,71.5,82,82,77,57,,,,,,,,,,,,,,,,,,
"Purple  6.3,  Yellow  6.0",62,87,87,92,92,97,97,122,122,89,89,102,102,79,79,97,97,112,112,84,84,89,89,76.5,76.5,87,87,82,62,,,,,,,,,,,,,,,,,,
"Purple  6.3,  Yellow",62,87,87,92,92,97,97,122,122,89,89,102,102,79,79,97,97,112,112,84,84,89,89,76.5,76.5,87,87,82,62,,,,,,,,,,,,,,,,,,
"Purple  6.3,  Blue  5.0",49.5,74.5,74.5,79.5,79.5,84.5,84.5,109.5,109.5,76.5,76.5,89.5,89.5,66.5,66.5,84.5,84.5,99.5,99.5,71.5,71.5,76.5,76.5,64,64,74.5,74.5,69.5,49.5,,,,,,,,,,,,,,,,,,
"Purple  6.3,  Blue",49.5,74.5,74.5,79.5,79.5,84.5,84.5,109.5,109.5,76.5,76.5,89.5,89.5,66.5,66.5,84.5,84.5,99.5,99.5,71.5,71.5,76.5,76.5,64,64,74.5,74.5,69.5,49.5,,,,,,,,,,,,,,,,,,
"Purple  6.3,  White  6.0",60,85,85,90,90,95,95,120,120,87,87,100,100,77,77,95,95,110,110,82,82,87,87,74.5,74.5,85,85,80,60,,,,,,,,,,,,,,,,,,
"Purple  6.3,  White",60,85,85,90,90,95,95,120,120,87,87,100,100,77,77,95,95,110,110,82,82,87,87,74.5,74.5,85,85,80,60,,,,,,,,,,,,,,,,,,
"Purple  6.3,  Red/Green  5.6",55,80,80,85,85,90,90,115,115,82,82,95,95,72,72,90,90,105,105,77,77,82,82,69.5,69.5,80,80,75,55,,,,,,,,,,,,,,,,,,
"Purple  6.3,  Red/Green",35,60,60,65,65,70,70,95,95,62,62,75,75,52,52,70,70,85,85,57,57,62,62,49.5,49.5,60,60,55,35,,,,,,,,,,,,,,,,,,
"Green  7.1,  Alpine Blue 5.6",75,100,100,105,105,110,110,135,135,102,102,115,115,92,92,110,110,125,125,97,97,102,102,89.5,89.5,100,100,95,75,,,,,,,,,,,,,,,,,,
"Green  7.1,  Alpine Blue",75,100,100,105,105,110,110,135,135,102,102,115,115,92,92,110,110,125,125,97,97,102,102,89.5,89.5,100,100,95,75,,,,,,,,,,,,,,,,,,
"Green  7.1,  Brown  5.6",80,105,105,110,110,115,115,140,140,107,107,120,120,97,97,115,115,130,130,102,102,107,107,94.5,94.5,105,105,100,80,,,,,,,,,,,,,,,,,,
"Green  7.1,  Brown",80,105,105,110,110,115,115,140,140,107,107,120,120,97,97,115,115,130,130,102,102,107,107,94.5,94.5,105,105,100,80,,,,,,,,,,,,,,,,,,
"Green  7.1,  Desert Sand 6.0",85,110,110,115,115,120,120,145,145,112,112,125,125,102,102,120,120,135,135,107,107,112,112,99.5,99.5,110,110,105,85,,,,,,,,,,,,,,,,,,
"Green  7.1,  Desert Sand",85,110,110,115,115,120,120,145,145,112,112,125,125,102,102,120,120,135,135,107,107,112,112,99.5,99.5,110,110,105,85,,,,,,,,,,,,,,,,,,
"Green  7.1,  Red  7.1",110,135,135,140,140,145,145,170,170,137,137,150,150,127,127,145,145,160,160,132,132,137,137,124.5,124.5,135,135,130,110,,,,,,,,,,,,,,,,,,
"Green  7.1,  Red",110,135,135,140,140,145,145,170,170,137,137,150,150,127,127,145,145,160,160,132,132,137,137,124.5,124.5,135,135,130,110,,,,,,,,,,,,,,,,,,
"Green  7.1,  Lichen  5.6",77,102,102,107,107,112,112,137,137,104,104,117,117,94,94,112,112,127,127,99,99,104,104,91.5,91.5,102,102,97,77,,,,,,,,,,,,,,,,,,
"Green  7.1,  Lichen",77,102,102,107,107,112,112,137,137,104,104,117,117,94,94,112,112,127,127,99,99,104,104,91.5,91.5,102,102,97,77,,,,,,,,,,,,,,,,,,
"Green  7.1,  Black  6.3",90,115,115,120,120,125,125,150,150,117,117,130,130,107,107,125,125,140,140,112,112,117,117,104.5,104.5,115,115,110,90,,,,,,,,,,,,,,,,,,
"Green  7.1,  Black",90,115,115,120,120,125,125,150,150,117,117,130,130,107,107,125,125,140,140,112,112,117,117,104.5,104.5,115,115,110,90,,,,,,,,,,,,,,,,,,
"Green  7.1,  Terracotta  5.0",67,92,92,97,97,102,102,127,127,94,94,107,107,84,84,102,102,117,117,89,89,94,94,81.5,81.5,92,92,87,67,,,,,,,,,,,,,,,,,,
"Green  7.1,  Terracotta",67,92,92,97,97,102,102,127,127,94,94,107,107,84,84,102,102,117,117,89,89,94,94,81.5,81.5,92,92,87,67,,,,,,,,,,,,,,,,,,
"Green  7.1,  Purple  6.3",85,110,110,115,115,120,120,145,145,112,112,125,125,102,102,120,120,135,135,107,107,112,112,99.5,99.5,110,110,105,85,,,,,,,,,,,,,,,,,,
"Green  7.1,  Purple",85,110,110,115,115,120,120,145,145,112,112,125,125,102,102,120,120,135,135,107,107,112,112,99.5,99.5,110,110,105,85,,,,,,,,,,,,,,,,,,
"Green  7.1,  Green  7.1",100,125,125,130,130,135,135,160,160,127,127,140,140,117,117,135,135,150,150,122,122,127,127,114.5,114.5,125,125,120,100,,,,,,,,,,,,,,,,,,
"Green  7.1,  Green",100,125,125,130,130,135,135,160,160,127,127,140,140,117,117,135,135,150,150,122,122,127,127,114.5,114.5,125,125,120,100,,,,,,,,,,,,,,,,,,
"Green  7.1,  Orange  5.6",72,97,97,102,102,107,107,132,132,99,99,112,112,89,89,107,107,122,122,94,94,99,99,86.5,86.5,97,97,92,72,,,,,,,,,,,,,,,,,,
"Green  7.1,  Orange",72,97,97,102,102,107,107,132,132,99,99,112,112,89,89,107,107,122,122,94,94,99,99,86.5,86.5,97,97,92,72,,,,,,,,,,,,,,,,,,
"Green  7.1,  Yellow  6.0",77,102,102,107,107,112,112,137,137,104,104,117,117,94,94,112,112,127,127,99,99,104,104,91.5,91.5,102,102,97,77,,,,,,,,,,,,,,,,,,
"Green  7.1,  Yellow",77,102,102,107,107,112,112,137,137,104,104,117,117,94,94,112,112,127,127,99,99,104,104,91.5,91.5,102,102,97,77,,,,,,,,,,,,,,,,,,
"Green  7.1,  Blue  5.0",64.5,89.5,89.5,94.5,94.5,99.5,99.5,124.5,124.5,91.5,91.5,104.5,104.5,81.5,81.5,99.5,99.5,114.5,114.5,86.5,86.5,91.5,91.5,79,79,89.5,89.5,84.5,64.5,,,,,,,,,,,,,,,,,,
"Green  7.1,  Blue",64.5,89.5,89.5,94.5,94.5,99.5,99.5,124.5,124.5,91.5,91.5,104.5,104.5,81.5,81.5,99.5,99.5,114.5,114.5,86.5,86.5,91.5,91.5,79,79,89.5,89.5,84.5,64.5,,,,,,,,,,,,,,,,,,
"Green  7.1,  White  6.0",75,100,100,105,105,110,110,135,135,102,102,115,115,92,92,110,110,125,125,97,97,102,102,89.5,89.5,100,100,95,75,,,,,,,,,,,,,,,,,,
"Green  7.1,  White",75,100,100,105,105,110,110,135,135,102,102,115,115,92,92,110,110,125,125,97,97,102,102,89.5,89.5,100,100,95,75,,,,,,,,,,,,,,,,,,
"Green  7.1,  Red/Green  5.6",70,95,95,100,100,105,105,130,130,97,97,110,110,87,87,105,105,120,120,92,92,97,97,84.5,84.5,95,95,90,70,,,,,,,,,,,,,,,,,,
"Green  7.1,  Red/Green",50,75,75,80,80,85,85,110,110,77,77,90,90,67,67,85,85,100,100,72,72,77,77,64.5,64.5,75,75,70,50,,,,,,,,,,,,,,,,,,
"Orange  5.6,  Alpine Blue 5.6",47,72,72,77,77,82,82,107,107,74,74,87,87,64,64,82,82,97,97,69,69,74,74,61.5,61.5,72,72,67,47,,,,,,,,,,,,,,,,,,
"Orange  5.6,  Alpine Blue",47,72,72,77,77,82,82,107,107,74,74,87,87,64,64,82,82,97,97,69,69,74,74,61.5,61.5,72,72,67,47,,,,,,,,,,,,,,,,,,
"Orange  5.6,  Brown  5.6",52,77,77,82,82,87,87,112,112,79,79,92,92,69,69,87,87,102,102,74,74,79,79,66.5,66.5,77,77,72,52,,,,,,,,,,,,,,,,,,
"Orange  5.6,  Brown",52,77,77,82,82,87,87,112,112,79,79,92,92,69,69,87,87,102,102,74,74,79,79,66.5,66.5,77,77,72,52,,,,,,,,,,,,,,,,,,
"Orange  5.6,  Desert Sand 6.0",57,82,82,87,87,92,92,117,117,84,84,97,97,74,74,92,92,107,107,79,79,84,84,71.5,71.5,82,82,77,57,,,,,,,,,,,,,,,,,,
"Orange  5.6,  Desert Sand",57,82,82,87,87,92,92,117,117,84,84,97,97,74,74,92,92,107,107,79,79,84,84,71.5,71.5,82,82,77,57,,,,,,,,,,,,,,,,,,
"Orange  5.6,  Red  7.1",82,107,107,112,112,117,117,142,142,109,109,122,122,99,99,117,117,132,132,104,104,109,109,96.5,96.5,107,107,102,82,,,,,,,,,,,,,,,,,,
"Orange  5.6,  Red",82,107,107,112,112,117,117,142,142,109,109,122,122,99,99,117,117,132,132,104,104,109,109,96.5,96.5,107,107,102,82,,,,,,,,,,,,,,,,,,
"Orange  5.6,  Lichen  5.6",49,74,74,79,79,84,84,109,109,76,76,89,89,66,66,84,84,99,99,71,71,76,76,63.5,63.5,74,74,69,49,,,,,,,,,,,,,,,,,,
"Orange  5.6,  Lichen",49,74,74,79,79,84,84,109,109,76,76,89,89,66,66,84,84,99,99,71,71,76,76,63.5,63.5,74,74,69,49,,,,,,,,,,,,,,,,,,
"Orange  5.6,  Black  6.3",62,87,87,92,92,97,97,122,122,89,89,102,102,79,79,97,97,112,112,84,84,89,89,76.5,76.5,87,87,82,62,,,,,,,,,,,,,,,,,,
"Orange  5.6,  Black",62,87,87,92,92,97,97,122,122,89,89,102,102,79,79,97,97,112,112,84,84,89,89,76.5,76.5,87,87,82,62,,,,,,,,,,,,,,,,,,
"Orange  5.6,  Terracotta  5.0",39,64,64,69,69,74,74,99,99,66,66,79,79,56,56,74,74,89,89,61,61,66,66,53.5,53.5,64,64,59,39,,,,,,,,,,,,,,,,,,
"Orange  5.6,  Terracotta",39,64,64,69,69,74,74,99,99,66,66,79,79,56,56,74,74,89,89,61,61,66,66,53.5,53.5,64,64,59,39,,,,,,,,,,,,,,,,,,
"Orange  5.6,  Purple  6.3",57,82,82,87,87,92,92,117,117,84,84,97,97,74,74,92,92,107,107,79,79,84,84,71.5,71.5,82,82,77,57,,,,,,,,,,,,,,,,,,
"Orange  5.6,  Purple",57,82,82,87,87,92,92,117,117,84,84,97,97,74,74,92,92,107,107,79,79,84,84,71.5,71.5,82,82,77,57,,,,,,,,,,,,,,,,,,
"Orange  5.6,  Green  7.1",72,97,97,102,102,107,107,132,132,99,99,112,112,89,89,107,107,122,122,94,94,99,99,86.5,86.5,97,97,92,72,,,,,,,,,,,,,,,,,,
"Orange  5.6,  Green",72,97,97,102,102,107,107,132,132,99,99,112,112,89,89,107,107,122,122,94,94,99,99,86.5,86.5,97,97,92,72,,,,,,,,,,,,,,,,,,
"Orange  5.6,  Orange  5.6",44,69,69,74,74,79,79,104,104,71,71,84,84,61,61,79,79,94,94,66,66,71,71,58.5,58.5,69,69,64,44,,,,,,,,,,,,,,,,,,
"Orange  5.6,  Orange",44,69,69,74,74,79,79,104,104,71,71,84,84,61,61,79,79,94,94,66,66,71,71,58.5,58.5,69,69,64,44,,,,,,,,,,,,,,,,,,
"Orange  5.6,  Yellow  6.0",49,74,74,79,79,84,84,109,109,76,76,89,89,66,66,84,84,99,99,71,71,76,76,63.5,63.5,74,74,69,49,,,,,,,,,,,,,,,,,,
"Orange  5.6,  Yellow",49,74,74,79,79,84,84,109,109,76,76,89,89,66,66,84,84,99,99,71,71,76,76,63.5,63.5,74,74,69,49,,,,,,,,,,,,,,,,,,
"Orange  5.6,  Blue  5.0",36.5,61.5,61.5,66.5,66.5,71.5,71.5,96.5,96.5,63.5,63.5,76.5,76.5,53.5,53.5,71.5,71.5,86.5,86.5,58.5,58.5,63.5,63.5,51,51,61.5,61.5,56.5,36.5,,,,,,,,,,,,,,,,,,
"Orange  5.6,  Blue",36.5,61.5,61.5,66.5,66.5,71.5,71.5,96.5,96.5,63.5,63.5,76.5,76.5,53.5,53.5,71.5,71.5,86.5,86.5,58.5,58.5,63.5,63.5,51,51,61.5,61.5,56.5,36.5,,,,,,,,,,,,,,,,,,
"Orange  5.6,  White  6.0",47,72,72,77,77,82,82,107,107,74,74,87,87,64,64,82,82,97,97,69,69,74,74,61.5,61.5,72,72,67,47,,,,,,,,,,,,,,,,,,
"Orange  5.6,  White",47,72,72,77,77,82,82,107,107,74,74,87,87,64,64,82,82,97,97,69,69,74,74,61.5,61.5,72,72,67,47,,,,,,,,,,,,,,,,,,
"Orange  5.6,  Red/Green  5.6",42,67,67,72,72,77,77,102,102,69,69,82,82,59,59,77,77,92,92,64,64,69,69,56.5,56.5,67,67,62,42,,,,,,,,,,,,,,,,,,
"Orange  5.6,  Red/Green",22,47,47,52,52,57,57,82,82,49,49,62,62,39,39,57,57,72,72,44,44,49,49,36.5,36.5,47,47,42,22,,,,,,,,,,,,,,,,,,
"Yellow  6.0,  Alpine Blue 5.6",52,77,77,82,82,87,87,112,112,79,79,92,92,69,69,87,87,102,102,74,74,79,79,66.5,66.5,77,77,72,52,,,,,,,,,,,,,,,,,,
"Yellow  6.0,  Alpine Blue",52,77,77,82,82,87,87,112,112,79,79,92,92,69,69,87,87,102,102,74,74,79,79,66.5,66.5,77,77,72,52,,,,,,,,,,,,,,,,,,
"Yellow  6.0,  Brown  5.6",57,82,82,87,87,92,92,117,117,84,84,97,97,74,74,92,92,107,107,79,79,84,84,71.5,71.5,82,82,77,57,,,,,,,,,,,,,,,,,,
"Yellow  6.0,  Brown",57,82,82,87,87,92,92,117,117,84,84,97,97,74,74,92,92,107,107,79,79,84,84,71.5,71.5,82,82,77,57,,,,,,,,,,,,,,,,,,
"Yellow  6.0,  Desert Sand 6.0",62,87,87,92,92,97,97,122,122,89,89,102,102,79,79,97,97,112,112,84,84,89,89,76.5,76.5,87,87,82,62,,,,,,,,,,,,,,,,,,
"Yellow  6.0,  Desert Sand",62,87,87,92,92,97,97,122,122,89,89,102,102,79,79,97,97,112,112,84,84,89,89,76.5,76.5,87,87,82,62,,,,,,,,,,,,,,,,,,
"Yellow  6.0,  Red  7.1",87,112,112,117,117,122,122,147,147,114,114,127,127,104,104,122,122,137,137,109,109,114,114,101.5,101.5,112,112,107,87,,,,,,,,,,,,,,,,,,
"Yellow  6.0,  Red",87,112,112,117,117,122,122,147,147,114,114,127,127,104,104,122,122,137,137,109,109,114,114,101.5,101.5,112,112,107,87,,,,,,,,,,,,,,,,,,
"Yellow  6.0,  Lichen  5.6",54,79,79,84,84,89,89,114,114,81,81,94,94,71,71,89,89,104,104,76,76,81,81,68.5,68.5,79,79,74,54,,,,,,,,,,,,,,,,,,
"Yellow  6.0,  Lichen",54,79,79,84,84,89,89,114,114,81,81,94,94,71,71,89,89,104,104,76,76,81,81,68.5,68.5,79,79,74,54,,,,,,,,,,,,,,,,,,
"Yellow  6.0,  Black  6.3",67,92,92,97,97,102,102,127,127,94,94,107,107,84,84,102,102,117,117,89,89,94,94,81.5,81.5,92,92,87,67,,,,,,,,,,,,,,,,,,
"Yellow  6.0,  Black",67,92,92,97,97,102,102,127,127,94,94,107,107,84,84,102,102,117,117,89,89,94,94,81.5,81.5,92,92,87,67,,,,,,,,,,,,,,,,,,
"Yellow  6.0,  Terracotta  5.0",44,69,69,74,74,79,79,104,104,71,71,84,84,61,61,79,79,94,94,66,66,71,71,58.5,58.5,69,69,64,44,,,,,,,,,,,,,,,,,,
"Yellow  6.0,  Terracotta",44,69,69,74,74,79,79,104,104,71,71,84,84,61,61,79,79,94,94,66,66,71,71,58.5,58.5,69,69,64,44,,,,,,,,,,,,,,,,,,
"Yellow  6.0,  Purple  6.3",62,87,87,92,92,97,97,122,122,89,89,102,102,79,79,97,97,112,112,84,84,89,89,76.5,76.5,87,87,82,62,,,,,,,,,,,,,,,,,,
"Yellow  6.0,  Purple",62,87,87,92,92,97,97,122,122,89,89,102,102,79,79,97,97,112,112,84,84,89,89,76.5,76.5,87,87,82,62,,,,,,,,,,,,,,,,,,
"Yellow  6.0,  Green  7.1",77,102,102,107,107,112,112,137,137,104,104,117,117,94,94,112,112,127,127,99,99,104,104,91.5,91.5,102,102,97,77,,,,,,,,,,,,,,,,,,
"Yellow  6.0,  Green",77,102,102,107,107,112,112,137,137,104,104,117,117,94,94,112,112,127,127,99,99,104,104,91.5,91.5,102,102,97,77,,,,,,,,,,,,,,,,,,
"Yellow  6.0,  Orange  5.6",49,74,74,79,79,84,84,109,109,76,76,89,89,66,66,84,84,99,99,71,71,76,76,63.5,63.5,74,74,69,49,,,,,,,,,,,,,,,,,,
"Yellow  6.0,  Orange",49,74,74,79,79,84,84,109,109,76,76,89,89,66,66,84,84,99,99,71,71,76,76,63.5,63.5,74,74,69,49,,,,,,,,,,,,,,,,,,
"Yellow  6.0,  Yellow  6.0",54,79,79,84,84,89,89,114,114,81,81,94,94,71,71,89,89,104,104,76,76,81,81,68.5,68.5,79,79,74,54,,,,,,,,,,,,,,,,,,
"Yellow  6.0,  Yellow",54,79,79,84,84,89,89,114,114,81,81,94,94,71,71,89,89,104,104,76,76,81,81,68.5,68.5,79,79,74,54,,,,,,,,,,,,,,,,,,
"Yellow  6.0,  Blue  5.0",41.5,66.5,66.5,71.5,71.5,76.5,76.5,101.5,101.5,68.5,68.5,81.5,81.5,58.5,58.5,76.5,76.5,91.5,91.5,63.5,63.5,68.5,68.5,56,56,66.5,66.5,61.5,41.5,,,,,,,,,,,,,,,,,,
"Yellow  6.0,  Blue",41.5,66.5,66.5,71.5,71.5,76.5,76.5,101.5,101.5,68.5,68.5,81.5,81.5,58.5,58.5,76.5,76.5,91.5,91.5,63.5,63.5,68.5,68.5,56,56,66.5,66.5,61.5,41.5,,,,,,,,,,,,,,,,,,
"Yellow  6.0,  White  6.0",52,77,77,82,82,87,87,112,112,79,79,92,92,69,69,87,87,102,102,74,74,79,79,66.5,66.5,77,77,72,52,,,,,,,,,,,,,,,,,,
"Yellow  6.0,  White",52,77,77,82,82,87,87,112,112,79,79,92,92,69,69,87,87,102,102,74,74,79,79,66.5,66.5,77,77,72,52,,,,,,,,,,,,,,,,,,
"Yellow  6.0,  Red/Green  5.6",47,72,72,77,77,82,82,107,107,74,74,87,87,64,64,82,82,97,97,69,69,74,74,61.5,61.5,72,72,67,47,,,,,,,,,,,,,,,,,,
"Yellow  6.0,  Red/Green",27,52,52,57,57,62,62,87,87,54,54,67,67,44,44,62,62,77,77,49,49,54,54,41.5,41.5,52,52,47,27,,,,,,,,,,,,,,,,,,
"Blue  5.0,  Alpine Blue 5.6",39.5,64.5,64.5,69.5,69.5,74.5,74.5,99.5,99.5,66.5,66.5,79.5,79.5,56.5,56.5,74.5,74.5,89.5,89.5,61.5,61.5,66.5,66.5,54,54,64.5,64.5,59.5,39.5,,,,,,,,,,,,,,,,,,
"Blue  5.0,  Alpine Blue",39.5,64.5,64.5,69.5,69.5,74.5,74.5,99.5,99.5,66.5,66.5,79.5,79.5,56.5,56.5,74.5,74.5,89.5,89.5,61.5,61.5,66.5,66.5,54,54,64.5,64.5,59.5,39.5,,,,,,,,,,,,,,,,,,
"Blue  5.0,  Brown  5.6",44.5,69.5,69.5,74.5,74.5,79.5,79.5,104.5,104.5,71.5,71.5,84.5,84.5,61.5,61.5,79.5,79.5,94.5,94.5,66.5,66.5,71.5,71.5,59,59,69.5,69.5,64.5,44.5,,,,,,,,,,,,,,,,,,
"Blue  5.0,  Brown",44.5,69.5,69.5,74.5,74.5,79.5,79.5,104.5,104.5,71.5,71.5,84.5,84.5,61.5,61.5,79.5,79.5,94.5,94.5,66.5,66.5,71.5,71.5,59,59,69.5,69.5,64.5,44.5,,,,,,,,,,,,,,,,,,
"Blue  5.0,  Desert Sand 6.0",49.5,74.5,74.5,79.5,79.5,84.5,84.5,109.5,109.5,76.5,76.5,89.5,89.5,66.5,66.5,84.5,84.5,99.5,99.5,71.5,71.5,76.5,76.5,64,64,74.5,74.5,69.5,49.5,,,,,,,,,,,,,,,,,,
"Blue  5.0,  Desert Sand",49.5,74.5,74.5,79.5,79.5,84.5,84.5,109.5,109.5,76.5,76.5,89.5,89.5,66.5,66.5,84.5,84.5,99.5,99.5,71.5,71.5,76.5,76.5,64,64,74.5,74.5,69.5,49.5,,,,,,,,,,,,,,,,,,
"Blue  5.0,  Red  7.1",74.5,99.5,99.5,104.5,104.5,109.5,109.5,134.5,134.5,101.5,101.5,114.5,114.5,91.5,91.5,109.5,109.5,124.5,124.5,96.5,96.5,101.5,101.5,89,89,99.5,99.5,94.5,74.5,,,,,,,,,,,,,,,,,,
"Blue  5.0,  Red",74.5,99.5,99.5,104.5,104.5,109.5,109.5,134.5,134.5,101.5,101.5,114.5,114.5,91.5,91.5,109.5,109.5,124.5,124.5,96.5,96.5,101.5,101.5,89,89,99.5,99.5,94.5,74.5,,,,,,,,,,,,,,,,,,
"Blue  5.0,  Lichen  5.6",41.5,66.5,66.5,71.5,71.5,76.5,76.5,101.5,101.5,68.5,68.5,81.5,81.5,58.5,58.5,76.5,76.5,91.5,91.5,63.5,63.5,68.5,68.5,56,56,66.5,66.5,61.5,41.5,,,,,,,,,,,,,,,,,,
"Blue  5.0,  Lichen",41.5,66.5,66.5,71.5,71.5,76.5,76.5,101.5,101.5,68.5,68.5,81.5,81.5,58.5,58.5,76.5,76.5,91.5,91.5,63.5,63.5,68.5,68.5,56,56,66.5,66.5,61.5,41.5,,,,,,,,,,,,,,,,,,
"Blue  5.0,  Black  6.3",54.5,79.5,79.5,84.5,84.5,89.5,89.5,114.5,114.5,81.5,81.5,94.5,94.5,71.5,71.5,89.5,89.5,104.5,104.5,76.5,76.5,81.5,81.5,69,69,79.5,79.5,74.5,54.5,,,,,,,,,,,,,,,,,,
"Blue  5.0,  Black",54.5,79.5,79.5,84.5,84.5,89.5,89.5,114.5,114.5,81.5,81.5,94.5,94.5,71.5,71.5,89.5,89.5,104.5,104.5,76.5,76.5,81.5,81.5,69,69,79.5,79.5,74.5,54.5,,,,,,,,,,,,,,,,,,
"Blue  5.0,  Terracotta  5.0",31.5,56.5,56.5,61.5,61.5,66.5,66.5,91.5,91.5,58.5,58.5,71.5,71.5,48.5,48.5,66.5,66.5,81.5,81.5,53.5,53.5,58.5,58.5,46,46,56.5,56.5,51.5,31.5,,,,,,,,,,,,,,,,,,
"Blue  5.0,  Terracotta",31.5,56.5,56.5,61.5,61.5,66.5,66.5,91.5,91.5,58.5,58.5,71.5,71.5,48.5,48.5,66.5,66.5,81.5,81.5,53.5,53.5,58.5,58.5,46,46,56.5,56.5,51.5,31.5,,,,,,,,,,,,,,,,,,
"Blue  5.0,  Purple  6.3",49.5,74.5,74.5,79.5,79.5,84.5,84.5,109.5,109.5,76.5,76.5,89.5,89.5,66.5,66.5,84.5,84.5,99.5,99.5,71.5,71.5,76.5,76.5,64,64,74.5,74.5,69.5,49.5,,,,,,,,,,,,,,,,,,
"Blue  5.0,  Purple",49.5,74.5,74.5,79.5,79.5,84.5,84.5,109.5,109.5,76.5,76.5,89.5,89.5,66.5,66.5,84.5,84.5,99.5,99.5,71.5,71.5,76.5,76.5,64,64,74.5,74.5,69.5,49.5,,,,,,,,,,,,,,,,,,
"Blue  5.0,  Green  7.1",64.5,89.5,89.5,94.5,94.5,99.5,99.5,124.5,124.5,91.5,91.5,104.5,104.5,81.5,81.5,99.5,99.5,114.5,114.5,86.5,86.5,91.5,91.5,79,79,89.5,89.5,84.5,64.5,,,,,,,,,,,,,,,,,,
"Blue  5.0,  Green",64.5,89.5,89.5,94.5,94.5,99.5,99.5,124.5,124.5,91.5,91.5,104.5,104.5,81.5,81.5,99.5,99.5,114.5,114.5,86.5,86.5,91.5,91.5,79,79,89.5,89.5,84.5,64.5,,,,,,,,,,,,,,,,,,
"Blue  5.0,  Orange  5.6",36.5,61.5,61.5,66.5,66.5,71.5,71.5,96.5,96.5,63.5,63.5,76.5,76.5,53.5,53.5,71.5,71.5,86.5,86.5,58.5,58.5,63.5,63.5,51,51,61.5,61.5,56.5,36.5,,,,,,,,,,,,,,,,,,
"Blue  5.0,  Orange",36.5,61.5,61.5,66.5,66.5,71.5,71.5,96.5,96.5,63.5,63.5,76.5,76.5,53.5,53.5,71.5,71.5,86.5,86.5,58.5,58.5,63.5,63.5,51,51,61.5,61.5,56.5,36.5,,,,,,,,,,,,,,,,,,
"Blue  5.0,  Yellow  6.0",41.5,66.5,66.5,71.5,71.5,76.5,76.5,101.5,101.5,68.5,68.5,81.5,81.5,58.5,58.5,76.5,76.5,91.5,91.5,63.5,63.5,68.5,68.5,56,56,66.5,66.5,61.5,41.5,,,,,,,,,,,,,,,,,,
"Blue  5.0,  Yellow",41.5,66.5,66.5,71.5,71.5,76.5,76.5,101.5,101.5,68.5,68.5,81.5,81.5,58.5,58.5,76.5,76.5,91.5,91.5,63.5,63.5,68.5,68.5,56,56,66.5,66.5,61.5,41.5,,,,,,,,,,,,,,,,,,
"Blue  5.0,  Blue  5.0",29,54,54,59,59,64,64,89,89,56,56,69,69,46,46,64,64,79,79,51,51,56,56,43.5,43.5,54,54,49,29,,,,,,,,,,,,,,,,,,
"Blue  5.0,  Blue",29,54,54,59,59,64,64,89,89,56,56,69,69,46,46,64,64,79,79,51,51,56,56,43.5,43.5,54,54,49,29,,,,,,,,,,,,,,,,,,
"Blue  5.0,  White  6.0",39.5,64.5,64.5,69.5,69.5,74.5,74.5,99.5,99.5,66.5,66.5,79.5,79.5,56.5,56.5,74.5,74.5,89.5,89.5,61.5,61.5,66.5,66.5,54,54,64.5,64.5,59.5,39.5,,,,,,,,,,,,,,,,,,
"Blue  5.0,  White",39.5,64.5,64.5,69.5,69.5,74.5,74.5,99.5,99.5,66.5,66.5,79.5,79.5,56.5,56.5,74.5,74.5,89.5,89.5,61.5,61.5,66.5,66.5,54,54,64.5,64.5,59.5,39.5,,,,,,,,,,,,,,,,,,
"Blue  5.0,  Red/Green  5.6",34.5,59.5,59.5,64.5,64.5,69.5,69.5,94.5,94.5,61.5,61.5,74.5,74.5,51.5,51.5,69.5,69.5,84.5,84.5,56.5,56.5,61.5,61.5,49,49,59.5,59.5,54.5,34.5,,,,,,,,,,,,,,,,,,
"Blue  5.0,  Red/Green",14.5,39.5,39.5,44.5,44.5,49.5,49.5,74.5,74.5,41.5,41.5,54.5,54.5,31.5,31.5,49.5,49.5,64.5,64.5,36.5,36.5,41.5,41.5,29,29,39.5,39.5,34.5,14.5,,,,,,,,,,,,,,,,,,
"White  6.0,  Alpine Blue 5.6",50,75,75,80,80,85,85,110,110,77,77,90,90,67,67,85,85,100,100,72,72,77,77,64.5,64.5,75,75,70,50,,,,,,,,,,,,,,,,,,
"White  6.0,  Alpine Blue",50,75,75,80,80,85,85,110,110,77,77,90,90,67,67,85,85,100,100,72,72,77,77,64.5,64.5,75,75,70,50,,,,,,,,,,,,,,,,,,
"White  6.0,  Brown  5.6",55,80,80,85,85,90,90,115,115,82,82,95,95,72,72,90,90,105,105,77,77,82,82,69.5,69.5,80,80,75,55,,,,,,,,,,,,,,,,,,
"White  6.0,  Brown",55,80,80,85,85,90,90,115,115,82,82,95,95,72,72,90,90,105,105,77,77,82,82,69.5,69.5,80,80,75,55,,,,,,,,,,,,,,,,,,
"White  6.0,  Desert Sand 6.0",60,85,85,90,90,95,95,120,120,87,87,100,100,77,77,95,95,110,110,82,82,87,87,74.5,74.5,85,85,80,60,,,,,,,,,,,,,,,,,,
"White  6.0,  Desert Sand",60,85,85,90,90,95,95,120,120,87,87,100,100,77,77,95,95,110,110,82,82,87,87,74.5,74.5,85,85,80,60,,,,,,,,,,,,,,,,,,
"White  6.0,  Red  7.1",85,110,110,115,115,120,120,145,145,112,112,125,125,102,102,120,120,135,135,107,107,112,112,99.5,99.5,110,110,105,85,,,,,,,,,,,,,,,,,,
"White  6.0,  Red",85,110,110,115,115,120,120,145,145,112,112,125,125,102,102,120,120,135,135,107,107,112,112,99.5,99.5,110,110,105,85,,,,,,,,,,,,,,,,,,
"White  6.0,  Lichen  5.6",52,77,77,82,82,87,87,112,112,79,79,92,92,69,69,87,87,102,102,74,74,79,79,66.5,66.5,77,77,72,52,,,,,,,,,,,,,,,,,,
"White  6.0,  Lichen",52,77,77,82,82,87,87,112,112,79,79,92,92,69,69,87,87,102,102,74,74,79,79,66.5,66.5,77,77,72,52,,,,,,,,,,,,,,,,,,
"White  6.0,  Black  6.3",65,90,90,95,95,100,100,125,125,92,92,105,105,82,82,100,100,115,115,87,87,92,92,79.5,79.5,90,90,85,65,,,,,,,,,,,,,,,,,,
"White  6.0,  Black",65,90,90,95,95,100,100,125,125,92,92,105,105,82,82,100,100,115,115,87,87,92,92,79.5,79.5,90,90,85,65,,,,,,,,,,,,,,,,,,
"White  6.0,  Terracotta  5.0",42,67,67,72,72,77,77,102,102,69,69,82,82,59,59,77,77,92,92,64,64,69,69,56.5,56.5,67,67,62,42,,,,,,,,,,,,,,,,,,
"White  6.0,  Terracotta",42,67,67,72,72,77,77,102,102,69,69,82,82,59,59,77,77,92,92,64,64,69,69,56.5,56.5,67,67,62,42,,,,,,,,,,,,,,,,,,
"White  6.0,  Purple  6.3",60,85,85,90,90,95,95,120,120,87,87,100,100,77,77,95,95,110,110,82,82,87,87,74.5,74.5,85,85,80,60,,,,,,,,,,,,,,,,,,
"White  6.0,  Purple",60,85,85,90,90,95,95,120,120,87,87,100,100,77,77,95,95,110,110,82,82,87,87,74.5,74.5,85,85,80,60,,,,,,,,,,,,,,,,,,
"White  6.0,  Green  7.1",75,100,100,105,105,110,110,135,135,102,102,115,115,92,92,110,110,125,125,97,97,102,102,89.5,89.5,100,100,95,75,,,,,,,,,,,,,,,,,,
"White  6.0,  Green",75,100,100,105,105,110,110,135,135,102,102,115,115,92,92,110,110,125,125,97,97,102,102,89.5,89.5,100,100,95,75,,,,,,,,,,,,,,,,,,
"White  6.0,  Orange  5.6",47,72,72,77,77,82,82,107,107,74,74,87,87,64,64,82,82,97,97,69,69,74,74,61.5,61.5,72,72,67,47,,,,,,,,,,,,,,,,,,
"White  6.0,  Orange",47,72,72,77,77,82,82,107,107,74,74,87,87,64,64,82,82,97,97,69,69,74,74,61.5,61.5,72,72,67,47,,,,,,,,,,,,,,,,,,
"White  6.0,  Yellow  6.0",52,77,77,82,82,87,87,112,112,79,79,92,92,69,69,87,87,102,102,74,74,79,79,66.5,66.5,77,77,72,52,,,,,,,,,,,,,,,,,,
"White  6.0,  Yellow",52,77,77,82,82,87,87,112,112,79,79,92,92,69,69,87,87,102,102,74,74,79,79,66.5,66.5,77,77,72,52,,,,,,,,,,,,,,,,,,
"White  6.0,  Blue  5.0",39.5,64.5,64.5,69.5,69.5,74.5,74.5,99.5,99.5,66.5,66.5,79.5,79.5,56.5,56.5,74.5,74.5,89.5,89.5,61.5,61.5,66.5,66.5,54,54,64.5,64.5,59.5,39.5,,,,,,,,,,,,,,,,,,
"White  6.0,  Blue",39.5,64.5,64.5,69.5,69.5,74.5,74.5,99.5,99.5,66.5,66.5,79.5,79.5,56.5,56.5,74.5,74.5,89.5,89.5,61.5,61.5,66.5,66.5,54,54,64.5,64.5,59.5,39.5,,,,,,,,,,,,,,,,,,
"White  6.0,  White  6.0",50,75,75,80,80,85,85,110,110,77,77,90,90,67,67,85,85,100,100,72,72,77,77,64.5,64.5,75,75,70,50,,,,,,,,,,,,,,,,,,
"White  6.0,  White",50,75,75,80,80,85,85,110,110,77,77,90,90,67,67,85,85,100,100,72,72,77,77,64.5,64.5,75,75,70,50,,,,,,,,,,,,,,,,,,
"White  6.0,  Red/Green  5.6",45,70,70,75,75,80,80,105,105,72,72,85,85,62,62,80,80,95,95,67,67,72,72,59.5,59.5,70,70,65,45,,,,,,,,,,,,,,,,,,
"White  6.0,  Red/Green",25,50,50,55,55,60,60,85,85,52,52,65,65,42,42,60,60,75,75,47,47,52,52,39.5,39.5,50,50,45,25,,,,,,,,,,,,,,,,,,
"Red/Green  5.6,  Alpine Blue 5.6",45,70,70,75,75,80,80,105,105,72,72,85,85,62,62,80,80,95,95,67,67,72,72,59.5,59.5,70,70,65,45,,,,,,,,,,,,,,,,,,
"Red/Green  5.6,  Alpine Blue",45,70,70,75,75,80,80,105,105,72,72,85,85,62,62,80,80,95,95,67,67,72,72,59.5,59.5,70,70,65,45,,,,,,,,,,,,,,,,,,
"Red/Green  5.6,  Brown  5.6",50,75,75,80,80,85,85,110,110,77,77,90,90,67,67,85,85,100,100,72,72,77,77,64.5,64.5,75,75,70,50,,,,,,,,,,,,,,,,,,
"Red/Green  5.6,  Brown",50,75,75,80,80,85,85,110,110,77,77,90,90,67,67,85,85,100,100,72,72,77,77,64.5,64.5,75,75,70,50,,,,,,,,,,,,,,,,,,
"Red/Green  5.6,  Desert Sand 6.0",55,80,80,85,85,90,90,115,115,82,82,95,95,72,72,90,90,105,105,77,77,82,82,69.5,69.5,80,80,75,55,,,,,,,,,,,,,,,,,,
"Red/Green  5.6,  Desert Sand",55,80,80,85,85,90,90,115,115,82,82,95,95,72,72,90,90,105,105,77,77,82,82,69.5,69.5,80,80,75,55,,,,,,,,,,,,,,,,,,
"Red/Green  5.6,  Red  7.1",80,105,105,110,110,115,115,140,140,107,107,120,120,97,97,115,115,130,130,102,102,107,107,94.5,94.5,105,105,100,80,,,,,,,,,,,,,,,,,,
"Red/Green  5.6,  Red",80,105,105,110,110,115,115,140,140,107,107,120,120,97,97,115,115,130,130,102,102,107,107,94.5,94.5,105,105,100,80,,,,,,,,,,,,,,,,,,
"Red/Green  5.6,  Lichen  5.6",47,72,72,77,77,82,82,107,107,74,74,87,87,64,64,82,82,97,97,69,69,74,74,61.5,61.5,72,72,67,47,,,,,,,,,,,,,,,,,,
"Red/Green  5.6,  Lichen",47,72,72,77,77,82,82,107,107,74,74,87,87,64,64,82,82,97,97,69,69,74,74,61.5,61.5,72,72,67,47,,,,,,,,,,,,,,,,,,
"Red/Green  5.6,  Black  6.3",60,85,85,90,90,95,95,120,120,87,87,100,100,77,77,95,95,110,110,82,82,87,87,74.5,74.5,85,85,80,60,,,,,,,,,,,,,,,,,,
"Red/Green  5.6,  Black",60,85,85,90,90,95,95,120,120,87,87,100,100,77,77,95,95,110,110,82,82,87,87,74.5,74.5,85,85,80,60,,,,,,,,,,,,,,,,,,
"Red/Green  5.6,  Terracotta  5.0",37,62,62,67,67,72,72,97,97,64,64,77,77,54,54,72,72,87,87,59,59,64,64,51.5,51.5,62,62,57,37,,,,,,,,,,,,,,,,,,
"Red/Green  5.6,  Terracotta",37,62,62,67,67,72,72,97,97,64,64,77,77,54,54,72,72,87,87,59,59,64,64,51.5,51.5,62,62,57,37,,,,,,,,,,,,,,,,,,
"Red/Green  5.6,  Purple  6.3",55,80,80,85,85,90,90,115,115,82,82,95,95,72,72,90,90,105,105,77,77,82,82,69.5,69.5,80,80,75,55,,,,,,,,,,,,,,,,,,
"Red/Green  5.6,  Purple",55,80,80,85,85,90,90,115,115,82,82,95,95,72,72,90,90,105,105,77,77,82,82,69.5,69.5,80,80,75,55,,,,,,,,,,,,,,,,,,
"Red/Green  5.6,  Green  7.1",70,95,95,100,100,105,105,130,130,97,97,110,110,87,87,105,105,120,120,92,92,97,97,84.5,84.5,95,95,90,70,,,,,,,,,,,,,,,,,,
"Red/Green  5.6,  Green",70,95,95,100,100,105,105,130,130,97,97,110,110,87,87,105,105,120,120,92,92,97,97,84.5,84.5,95,95,90,70,,,,,,,,,,,,,,,,,,
"Red/Green  5.6,  Orange  5.6",42,67,67,72,72,77,77,102,102,69,69,82,82,59,59,77,77,92,92,64,64,69,69,56.5,56.5,67,67,62,42,,,,,,,,,,,,,,,,,,
"Red/Green  5.6,  Orange",42,67,67,72,72,77,77,102,102,69,69,82,82,59,59,77,77,92,92,64,64,69,69,56.5,56.5,67,67,62,42,,,,,,,,,,,,,,,,,,
"Red/Green  5.6,  Yellow  6.0",47,72,72,77,77,82,82,107,107,74,74,87,87,64,64,82,82,97,97,69,69,74,74,61.5,61.5,72,72,67,47,,,,,,,,,,,,,,,,,,
"Red/Green  5.6,  Yellow",47,72,72,77,77,82,82,107,107,74,74,87,87,64,64,82,82,97,97,69,69,74,74,61.5,61.5,72,72,67,47,,,,,,,,,,,,,,,,,,
"Red/Green  5.6,  Blue  5.0",34.5,59.5,59.5,64.5,64.5,69.5,69.5,94.5,94.5,61.5,61.5,74.5,74.5,51.5,51.5,69.5,69.5,84.5,84.5,56.5,56.5,61.5,61.5,49,49,59.5,59.5,54.5,34.5,,,,,,,,,,,,,,,,,,
"Red/Green  5.6,  Blue",34.5,59.5,59.5,64.5,64.5,69.5,69.5,94.5,94.5,61.5,61.5,74.5,74.5,51.5,51.5,69.5,69.5,84.5,84.5,56.5,56.5,61.5,61.5,49,49,59.5,59.5,54.5,34.5,,,,,,,,,,,,,,,,,,
"Red/Green  5.6,  White  6.0",45,70,70,75,75,80,80,105,105,72,72,85,85,62,62,80,80,95,95,67,67,72,72,59.5,59.5,70,70,65,45,,,,,,,,,,,,,,,,,,
"Red/Green  5.6,  White",45,70,70,75,75,80,80,105,105,72,72,85,85,62,62,80,80,95,95,67,67,72,72,59.5,59.5,70,70,65,45,,,,,,,,,,,,,,,,,,
"Red/Green  5.6,  Red/Green  5.6",40,65,65,70,70,75,75,100,100,67,67,80,80,57,57,75,75,90,90,62,62,67,67,54.5,54.5,65,65,60,40,,,,,,,,,,,,,,,,,,
"Red/Green  5.6,  Red/Green",20,45,45,50,50,55,55,80,80,47,47,60,60,37,37,55,55,70,70,42,42,47,47,34.5,34.5,45,45,40,20,,,,,,,,,,,,,,,,,,
